,,,,,,,,,,,,,,,,Playing Time,,,,,,Performance,,,,,,,Total,,,,,,,,Total,,Short,,,Medium,,,Long,,,,SCA Types,,,,,,,GCA Types,,,,,,Carries,,,,,,,,Receiving,,Take-Ons,,,,,Tackles,,,,,Challenges,,,,Blocks,,,,,,,Aerial Duels,,,
Rk,Player,Min,GCA,SCA,Cmp%,Won%,Succ%,Carries,Int,Tkl,Season,Age,Nation,Team,Comp,MP,Min,90s,Starts,Subs,unSub,Gls,Ast,G+A,G-PK,PK,PKatt,PKm,Cmp,Att,Cmp%,KP,3-Jan,PPA,CrsPA,PrgP,TotDist,PrgDist,Cmp,Att,Cmp%,Cmp,Att,Cmp%,Cmp,Att,Cmp%,SCA,PassLive,PassDead,TO,Sh,Fld,Def,GCA,PassLive,PassDead,TO,Sh,Fld,Def,Carries,TotDist,PrgDist,PrgC,3-Jan,CPA,Mis,Dis,Rec,PrgR,Att,Succ,Succ%,Tkld,Tkld%,Tkl,TklW,Def 3rd,Mid 3rd,Att 3rd,Tkl,Att,Tkl%,Lost,Blocks,Sh,Pass,Int,Tkl+Int,Clr,Err,Won,Lost,Won%,Pos
401,Wahbi Khazri,"1,635",7,42,71.2,36.7,45.9,516,9,26,2022-2023,31,tn TUN,Montpellier,fr Ligue 1,27,"1,635",18.2,20,7,2,4,1,5,4,0,0,0,344,483,71.2,19,41,12,2,49,6049,1925,159,199,79.9,110,143,76.9,53,90,58.9,42,21,8,3,5,4,1,7,3,0,0,3,1,0,516,3522,1530,40,17,22,49,30,472,91,61,28,45.9,24,39.3,26,13,13,7,6,6,25,24,19,17,1,16,9,35,20,0,18,31,36.7,"FW,MF"
402,Xavier Chavalerin,"2,426",3,41,81.9,55.2,52.9,939,41,82,2022-2023,31,fr FRA,Troyes,fr Ligue 1,34,"2,426",27,25,9,3,4,2,6,4,0,0,0,875,1068,81.9,22,77,12,5,95,14453,4866,415,465,89.2,349,403,86.6,69,119,58,41,31,4,2,2,0,2,3,2,0,0,1,0,0,939,4366,1543,18,21,5,24,12,840,49,17,9,52.9,5,29.4,82,50,39,30,13,27,71,38,44,31,8,23,41,123,24,0,16,13,55.2,MF
403,Stéphane Diarra,"1,066",5,35,73.2,38.5,30.8,381,22,25,2022-2023,23,fr FRA,Lorient,fr Ligue 1,28,"1,066",11.8,14,14,9,2,0,2,2,0,0,0,240,328,73.2,11,8,12,1,33,3312,1087,138,180,76.7,82,107,76.6,9,15,60,35,20,2,5,2,5,1,5,1,0,2,0,1,1,381,2900,1516,40,25,20,32,14,306,85,78,24,30.8,45,57.7,25,17,14,9,2,11,29,37.9,18,13,1,12,22,47,9,0,5,8,38.5,"FW,MF"
404,Colin Dagba,958,2,23,80.8,37.5,44,402,17,32,2022-2023,23,fr FRA,Strasbourg,fr Ligue 1,21,958,10.6,12,9,6,0,0,0,0,0,0,0,401,496,80.8,12,26,15,8,31,5529,2050,260,290,89.7,116,148,78.4,12,31,38.7,23,19,2,1,0,1,0,2,2,0,0,0,0,0,402,2384,1286,26,21,5,9,10,361,48,25,11,44,12,48,32,20,17,10,5,19,26,73.1,7,18,2,16,17,49,19,0,3,5,37.5,"DF,MF"
405,Moussa Sissoko,"1,918",1,35,79.8,51.1,41.7,700,16,26,2022-2023,32,fr FRA,Nantes,fr Ligue 1,30,"1,918",21.3,22,8,2,2,0,2,2,0,0,0,628,787,79.8,17,80,10,6,105,10251,3230,292,356,82,257,299,86,45,71,63.4,35,32,0,0,3,0,0,1,1,0,0,0,0,0,700,4357,2141,33,30,4,29,18,618,70,36,15,41.7,19,52.8,26,16,16,7,3,12,18,66.7,6,22,5,17,16,42,17,0,24,23,51.1,MF
406,Marshall Munetsi,"2,700",5,75,73.5,54.2,45.5,818,26,58,2022-2023,26,zw ZIM,Reims,fr Ligue 1,34,"2,700",30,31,3,0,7,3,10,7,0,0,0,651,886,73.5,31,71,11,2,95,10519,3417,306,394,77.7,248,313,79.2,56,109,51.4,75,60,0,3,5,6,1,5,3,0,1,0,1,0,818,4165,1792,33,17,9,53,16,732,87,44,20,45.5,18,40.9,58,27,13,31,14,20,48,41.7,28,37,11,26,26,84,41,1,58,49,54.2,MF
407,Haris Belkebla,"2,656",2,39,84.5,40,32.4,1097,52,80,2022-2023,28,dz ALG,Brest,fr Ligue 1,38,"2,656",29.5,30,8,0,2,0,2,1,1,1,0,1033,1222,84.5,10,107,9,1,129,18238,4759,430,484,88.8,471,524,89.9,100,146,68.5,39,33,0,0,0,4,2,2,1,0,0,0,1,0,1097,5725,2432,19,25,4,37,27,946,37,34,11,32.4,15,44.1,80,48,35,40,5,44,85,51.8,41,32,6,26,52,132,21,3,20,30,40,MF
408,Mario Lemina,838,1,12,89.3,55.6,68.8,579,11,32,2022-2023,28,ga GAB,Nice,fr Ligue 1,14,838,9.3,11,3,0,0,0,0,0,0,0,0,569,637,89.3,4,44,3,0,46,9544,2701,253,268,94.4,252,265,95.1,42,75,56,12,11,0,0,0,0,1,1,1,0,0,0,0,0,579,2983,1278,14,14,0,4,1,549,10,16,11,68.8,5,31.3,32,21,11,14,7,12,18,66.7,6,13,5,8,11,43,20,0,5,4,55.6,"MF,DF"
409,Alexis Sánchez,"2,679",11,116,72.9,33.3,52.4,950,5,27,2022-2023,33,cl CHI,Marseille,fr Ligue 1,35,"2,679",29.8,32,3,2,14,3,17,12,2,3,1,681,934,72.9,55,65,64,5,127,11500,2775,320,426,75.1,238,306,77.8,76,105,72.4,116,87,2,5,10,11,1,11,5,0,1,3,2,0,950,4916,1398,42,24,20,85,62,961,232,82,43,52.4,32,39,27,17,5,16,6,3,24,12.5,21,14,0,14,5,32,6,0,35,70,33.3,"FW,MF"
410,Eduard Sobol,870,2,20,76.2,64.3,44,300,8,19,2022-2023,27,ua UKR,Strasbourg,fr Ligue 1,15,870,9.7,9,6,1,0,1,1,0,0,0,0,298,391,76.2,8,25,10,3,34,4795,1729,156,179,87.2,108,151,71.5,21,43,48.8,20,13,0,2,0,3,2,2,1,0,0,0,0,1,300,1781,771,16,15,2,12,7,277,54,25,11,44,9,36,19,10,10,6,3,9,13,69.2,4,10,1,9,8,27,19,0,9,5,64.3,DF
411,Dango Ouattara,"1,548",15,63,60.1,49.3,35.4,502,19,41,2022-2023,20,bf BFA,Lorient,fr Ligue 1,18,"1,548",17.2,18,0,0,6,5,11,6,0,0,0,267,444,60.1,23,20,23,2,39,3726,1232,151,220,68.6,85,152,55.9,13,34,38.2,63,31,1,12,5,11,3,15,6,0,4,1,3,1,502,3755,1766,64,28,34,45,22,457,151,79,28,35.4,35,44.3,41,26,20,11,10,15,28,53.6,13,24,6,18,19,60,21,0,37,38,49.3,"FW,MF"
412,Marcus Coco,641,0,19,71.7,34,46.7,232,14,24,2022-2023,26,fr FRA,Nantes,fr Ligue 1,26,641,7.1,6,20,10,1,0,1,1,0,0,0,175,244,71.7,10,15,8,5,26,2841,897,97,124,78.2,48,67,71.6,20,35,57.1,19,17,0,2,0,0,0,0,0,0,0,0,0,0,232,1445,733,23,9,4,17,11,210,56,15,7,46.7,8,53.3,24,15,11,9,4,11,23,47.8,12,13,3,10,14,38,7,0,17,33,34,"FW,MF"
413,Stephy Mavididi,"1,288",4,44,74.2,31.3,43.2,392,4,24,2022-2023,24,eng ENG,Montpellier,fr Ligue 1,26,"1,288",14.3,14,12,1,4,2,6,4,0,0,0,236,318,74.2,13,11,6,1,22,3260,618,127,164,77.4,68,82,82.9,16,24,66.7,44,22,0,8,7,5,2,4,3,0,1,0,0,0,392,2852,1175,34,37,11,39,32,356,91,74,32,43.2,37,50,24,19,12,8,4,13,27,48.1,14,21,1,20,4,28,10,0,10,22,31.3,FW
414,Caio Henrique Oliveira Silva,"2,896",14,96,75.3,37.2,57.6,1413,26,74,2022-2023,25,br BRA,Monaco,fr Ligue 1,35,"2,896",32.2,32,3,1,1,9,10,1,0,0,0,1478,1963,75.3,51,137,34,9,197,24343,9841,713,792,90,608,763,79.7,114,312,36.5,96,63,28,2,1,1,1,14,7,6,0,0,1,0,1413,8270,4299,56,49,9,27,10,1253,141,33,19,57.6,8,24.2,74,51,42,28,4,44,76,57.9,32,28,8,20,26,100,68,1,16,27,37.2,DF
415,Laurent Abergel,"2,342",1,33,88.2,34.8,56.1,1384,34,92,2022-2023,29,fr FRA,Lorient,fr Ligue 1,29,"2,342",26,28,1,0,0,1,1,0,0,0,0,1308,1483,88.2,14,144,11,0,143,22287,7579,593,640,92.7,562,617,91.1,111,160,69.4,33,27,2,2,1,0,1,1,1,0,0,0,0,0,1384,6069,2597,13,29,0,29,19,1257,14,41,23,56.1,14,34.1,92,52,59,30,3,39,92,42.4,53,47,8,39,34,126,39,0,8,15,34.8,MF
416,Folarin Balogun,"2,999",10,80,70.1,19.7,40.2,742,3,9,2022-2023,21,us USA,Reims,fr Ligue 1,37,"2,999",33.3,34,3,0,21,2,23,15,6,7,1,408,582,70.1,36,28,19,1,55,5755,1189,235,303,77.6,127,180,70.6,17,29,58.6,80,50,1,11,11,6,1,10,4,0,2,2,2,0,742,4561,1697,56,27,45,94,74,743,283,87,35,40.2,44,50.6,9,5,1,5,3,2,20,10,18,20,1,19,3,12,15,0,14,57,19.7,FW
417,Nabil Bentaleb,"2,489",8,72,81.6,61.7,56.8,1628,44,74,2022-2023,27,dz ALG,Angers,fr Ligue 1,30,"2,489",27.7,29,1,0,4,4,8,2,2,2,0,1512,1853,81.6,33,172,15,0,176,29115,9442,556,641,86.7,724,825,87.8,195,315,61.9,72,42,18,6,1,3,2,8,6,2,0,0,0,0,1628,9116,4191,46,62,6,45,37,1471,28,111,63,56.8,31,27.9,74,40,31,35,8,36,61,59,25,33,11,22,44,118,29,3,29,18,61.7,MF
418,Maxime Le Marchand,"2,015",3,19,79.3,67,88.2,969,37,39,2022-2023,32,fr FRA,Strasbourg,fr Ligue 1,26,"2,015",22.4,23,3,1,0,0,0,0,0,0,0,958,1208,79.3,2,85,9,3,90,18366,7641,364,412,88.3,461,527,87.5,111,231,48.1,19,13,1,2,0,1,2,3,1,0,0,0,1,1,969,5240,2725,10,19,0,11,4,854,4,17,15,88.2,1,5.9,39,24,23,14,2,19,31,61.3,12,22,14,8,37,76,74,0,59,29,67,DF
419,Yunis Abdelhamid,"3,330",7,43,82.7,64.6,56.8,1723,64,82,2022-2023,34,ma MAR,Reims,fr Ligue 1,37,"3,330",37,37,0,0,1,2,3,1,0,0,0,1679,2031,82.7,13,155,5,0,215,32967,13407,490,571,85.8,1006,1117,90.1,155,279,55.6,43,34,0,2,5,0,2,7,4,0,2,1,0,0,1723,10871,6123,40,21,3,27,23,1499,10,37,21,56.8,14,37.8,82,50,47,33,2,39,52,75,13,65,27,38,64,146,116,1,93,51,64.6,DF
420,Justin-Noël Kalumba,546,0,8,79.9,0,52.6,173,4,9,2022-2023,17,fr FRA,Angers,fr Ligue 1,7,546,6.1,7,0,0,0,0,0,0,0,0,0,131,164,79.9,2,8,3,2,10,1867,498,79,87,90.8,45,58,77.6,3,6,50,8,3,0,0,1,4,0,0,0,0,0,0,0,0,173,1093,500,9,10,1,14,7,154,31,19,10,52.6,7,36.8,9,5,5,2,2,5,16,31.3,11,4,1,3,4,13,5,0,0,4,0,DF
421,Antoine Mendy,518,2,17,80.6,38.9,75,266,2,22,2022-2023,18,fr FRA,Nice,fr Ligue 1,11,518,5.8,7,4,14,0,1,1,0,0,0,0,262,325,80.6,6,11,7,3,21,4265,1050,125,138,90.6,112,132,84.8,18,40,45,17,12,2,0,2,0,1,2,1,0,0,1,0,0,266,1269,580,2,5,0,11,5,235,37,4,3,75,1,25,22,13,16,5,1,9,15,60,6,6,1,5,2,24,16,0,7,11,38.9,DF
422,Edon Zhegrova,"1,056",11,78,76.8,0,47.7,629,2,18,2022-2023,23,xk KVX,Lille,fr Ligue 1,22,"1,056",11.7,11,11,8,3,4,7,3,0,0,0,464,604,76.8,30,23,33,8,52,6909,2273,268,315,85.1,147,188,78.2,33,61,54.1,78,42,15,8,7,4,2,11,6,2,0,2,1,0,629,4673,2347,74,53,35,33,17,586,194,111,53,47.7,54,48.6,18,12,6,7,5,12,20,60,8,9,0,9,2,20,2,0,0,6,0,"FW,MF"
423,Wilson Odobert,"1,764",8,62,75.8,25,34.7,610,15,20,2022-2023,17,fr FRA,Troyes,fr Ligue 1,32,"1,764",19.6,19,13,3,4,2,6,4,0,0,0,408,538,75.8,23,27,13,5,47,6175,1444,226,281,80.4,134,175,76.6,26,37,70.3,62,46,4,6,2,1,3,8,6,0,0,2,0,0,610,5160,2530,72,49,25,47,27,564,132,95,33,34.7,57,60,20,14,10,7,3,9,25,36,16,11,0,11,15,35,5,0,7,21,25,"MF,FW"
424,Fares Chaïbi,"2,340",7,72,72.9,37.5,33.3,997,19,31,2022-2023,19,dz ALG,Toulouse,fr Ligue 1,36,"2,340",26,24,12,0,5,5,10,5,0,0,0,742,1018,72.9,30,68,27,5,101,11489,3144,398,486,81.9,252,324,77.8,56,121,46.3,72,55,1,5,8,3,0,7,5,0,0,2,0,0,997,5316,2412,71,41,18,54,24,970,212,36,12,33.3,21,58.3,31,18,8,15,8,17,50,34,33,38,5,33,19,50,36,1,30,50,37.5,"FW,MF"
425,Christophe Hérelle,"1,060",0,6,85.7,52.4,50,378,20,10,2022-2023,29,mq MTQ,Brest,fr Ligue 1,16,"1,060",11.8,12,4,17,0,0,0,0,0,0,0,377,440,85.7,3,9,2,0,24,7609,2474,107,120,89.2,207,230,90,53,69,76.8,6,4,1,0,1,0,0,0,0,0,0,0,0,0,378,1879,787,2,2,0,3,1,322,2,2,1,50,1,50,10,4,7,2,1,4,13,30.8,9,16,11,5,20,30,48,0,11,10,52.4,DF
426,Aleksandr Golovin,"2,464",14,121,70,40,55.1,983,37,62,2022-2023,26,ru RUS,Monaco,fr Ligue 1,34,"2,464",27.4,29,5,0,8,7,15,8,0,0,0,769,1099,70,59,74,55,6,132,12831,4245,384,484,79.3,256,346,74,92,181,50.8,121,79,24,8,3,5,2,14,10,1,3,0,0,0,983,6704,3271,89,61,28,48,32,889,210,49,27,55.1,14,28.6,62,36,19,32,11,28,72,38.9,44,28,1,27,37,99,10,0,18,27,40,"MF,FW"
427,Riad Nouri,"1,693",1,40,67.8,43.3,34.2,573,15,21,2022-2023,37,fr FRA,Ajaccio,fr Ligue 1,33,"1,693",18.8,16,17,3,1,1,2,1,0,1,1,425,627,67.8,25,33,14,12,39,6625,2227,225,288,78.1,150,208,72.1,31,82,37.8,40,22,11,0,5,2,0,1,1,0,0,0,0,0,573,3379,1223,33,29,6,30,18,525,144,38,13,34.2,22,57.9,21,12,7,10,4,12,29,41.4,17,8,1,7,15,36,11,0,13,17,43.3,"MF,FW"
428,Jordan Ferri,"2,738",7,71,85.2,40.5,36.4,1785,26,55,2022-2023,30,fr FRA,Montpellier,fr Ligue 1,34,"2,738",30.4,32,2,0,1,2,3,1,0,0,0,1695,1989,85.2,31,155,28,6,209,30870,9895,716,793,90.3,705,785,89.8,213,310,68.7,71,65,1,2,1,2,0,7,6,1,0,0,0,0,1785,9143,4174,37,47,2,43,44,1610,42,55,20,36.4,22,40,55,35,32,19,4,30,89,33.7,59,22,6,16,26,81,21,0,17,25,40.5,MF
429,Quentin Bernard,630,1,11,77.7,27.3,25,324,15,9,2022-2023,33,fr FRA,Auxerre,fr Ligue 1,7,630,7,7,0,10,0,1,1,0,0,0,0,324,417,77.7,7,31,6,4,27,5848,2976,147,160,91.9,122,154,79.2,44,83,53,11,10,1,0,0,0,0,1,1,0,0,0,0,0,324,1567,722,4,15,0,2,1,290,14,4,1,25,1,25,9,7,4,2,3,7,15,46.7,8,9,1,8,15,24,17,0,3,8,27.3,DF
430,Sead Kolašinac,"2,214",5,27,85.1,49.3,25,1140,43,52,2022-2023,29,ba BIH,Marseille,fr Ligue 1,33,"2,214",24.6,26,7,0,4,1,5,4,0,0,0,1135,1333,85.1,11,93,11,2,109,17773,4570,572,628,91.1,478,549,87.1,48,84,57.1,27,24,0,1,2,0,0,5,2,0,1,2,0,0,1140,6231,3393,49,37,6,25,6,994,86,12,3,25,7,58.3,52,36,24,22,6,24,37,64.9,13,19,2,17,43,95,35,1,36,37,49.3,DF
431,Thierno Balde,"2,153",4,45,82,25.9,53.7,765,23,27,2022-2023,20,fr FRA,Troyes,fr Ligue 1,31,"2,153",23.9,25,6,1,0,1,1,0,0,0,0,763,931,82,19,34,19,4,60,11688,3640,408,467,87.4,302,371,81.4,34,51,66.7,45,35,2,3,1,4,0,4,2,0,1,0,1,0,765,5808,2996,66,51,11,38,15,650,118,67,36,53.7,22,32.8,27,14,19,4,4,18,30,60,12,15,3,12,23,50,39,0,7,20,25.9,"DF,MF"
432,Grejohn Kyei,"2,232",10,53,71.3,42.5,53.4,617,6,16,2022-2023,26,fr FRA,Clermont Foot,fr Ligue 1,37,"2,232",24.8,26,11,0,10,3,13,6,4,6,2,376,527,71.3,15,31,11,2,37,5521,891,212,277,76.5,112,152,73.7,24,34,70.6,53,32,0,8,7,4,2,10,5,0,2,1,1,1,617,3373,1004,27,20,13,95,48,670,160,73,39,53.4,31,42.5,16,7,2,9,5,4,13,30.8,9,14,3,11,6,22,22,0,48,65,42.5,FW
433,Gabriel Suazo,"1,259",1,28,83,50,64.7,697,22,38,2022-2023,24,cl CHI,Toulouse,fr Ligue 1,18,"1,259",14,14,4,0,0,1,1,0,0,0,0,687,828,83,11,49,15,2,79,10771,4493,344,384,89.6,281,324,86.7,38,64,59.4,28,26,1,0,0,0,1,1,1,0,0,0,0,0,697,4072,2110,26,34,2,16,10,611,66,34,22,64.7,11,32.4,38,22,20,15,3,29,63,46,34,21,5,16,22,60,24,1,9,9,50,DF
434,Ross Barkley,960,5,51,78.7,25,57.1,457,8,16,2022-2023,28,eng ENG,Nice,fr Ligue 1,27,960,10.7,9,18,4,4,2,6,4,0,0,0,391,497,78.7,31,36,8,0,48,6687,1994,185,215,86,148,172,86,43,79,54.4,51,30,13,6,2,0,0,5,2,1,2,0,0,0,457,2573,1229,30,30,7,12,24,434,46,21,12,57.1,8,38.1,16,9,7,4,5,7,13,53.8,6,7,2,5,8,24,6,0,4,12,25,"MF,FW"
435,Vitinha,"2,446",10,73,91.8,55.6,58.5,1872,25,58,2022-2023,22,pt POR,Paris S-G,fr Ligue 1,36,"2,446",27.2,29,7,1,2,3,5,2,0,0,0,1786,1945,91.8,27,170,24,1,137,26148,5772,960,1018,94.3,613,657,93.3,95,113,84.1,73,63,2,0,4,2,2,10,8,0,0,1,1,0,1872,9931,4552,50,74,5,33,33,1786,94,53,31,58.5,17,32.1,58,25,21,27,10,27,83,32.5,56,27,4,23,25,83,15,0,5,4,55.6,MF
436,Eliesse Ben Seghir,"1,052",2,29,78.4,36,38.9,459,4,18,2022-2023,17,ma MAR,Monaco,fr Ligue 1,19,"1,052",11.7,13,6,2,4,1,5,4,0,0,0,342,436,78.4,14,30,21,0,55,4983,1280,181,224,80.8,123,145,84.8,16,26,61.5,29,23,0,2,1,3,0,2,2,0,0,0,0,0,459,2968,1211,31,28,8,39,22,440,93,36,14,38.9,14,38.9,18,10,4,12,2,4,12,33.3,8,18,1,17,4,22,1,0,9,16,36,"FW,MF"
437,Andrei Girotto,"3,149",5,32,82.6,65,30,1474,73,122,2022-2023,30,br BRA,Nantes,fr Ligue 1,36,"3,149",35,36,0,1,1,1,2,1,0,0,0,1445,1750,82.6,13,129,6,3,140,29344,9608,475,538,88.3,700,795,88.1,231,351,65.8,32,27,1,0,3,0,1,5,3,1,0,1,0,0,1474,7367,3598,14,13,0,11,6,1341,7,10,3,30,6,60,122,73,71,45,6,74,132,56.1,58,55,24,31,73,195,176,1,78,42,65,"DF,MF"
438,Fabien Centonze,"1,689",3,35,75.7,63.5,57.6,757,44,58,2022-2023,26,fr FRA,Nantes,fr Ligue 1,23,"1,689",18.8,19,4,3,0,0,0,0,0,0,0,715,945,75.7,12,59,21,12,102,11285,4732,364,437,83.3,275,352,78.1,47,97,48.5,35,27,3,1,0,4,0,3,2,0,0,0,1,0,757,4676,2055,42,39,5,25,11,671,125,66,38,57.6,22,33.3,58,37,30,22,6,30,42,71.4,12,24,7,17,44,102,55,1,33,19,63.5,DF
439,Miha Blažič,"1,979",1,5,87.5,69.8,0,976,22,8,2022-2023,29,si SVN,Angers,fr Ligue 1,24,"1,979",22,22,2,9,2,0,2,2,0,0,0,1034,1182,87.5,1,42,2,0,64,21289,7678,302,330,91.5,581,622,93.4,138,208,66.3,5,5,0,0,0,0,0,1,1,0,0,0,0,0,976,4491,2155,0,0,0,3,0,893,0,1,0,0,0,0,8,6,8,0,0,7,15,46.7,8,25,19,6,22,30,80,1,44,19,69.8,DF
440,Ruben Aguilar,"1,172",2,18,82.2,46.2,50,637,18,19,2022-2023,29,fr FRA,Monaco,fr Ligue 1,20,"1,172",13,14,6,5,0,0,0,0,0,0,0,696,847,82.2,3,72,11,5,102,10933,4515,352,394,89.3,291,343,84.8,36,68,52.9,18,14,1,0,1,1,1,2,2,0,0,0,0,0,637,3256,1501,29,23,3,14,4,573,78,14,7,50,6,42.9,19,9,7,7,5,8,22,36.4,14,13,1,12,18,37,28,1,12,14,46.2,DF
441,Lebo Mothiba,435,1,6,76.5,29.4,33.3,110,0,1,2022-2023,26,za RSA,Strasbourg,fr Ligue 1,19,435,4.8,3,16,14,3,0,3,3,0,0,0,75,98,76.5,1,5,1,0,7,969,140,42,49,85.7,25,32,78.1,1,6,16.7,6,3,0,1,0,2,0,1,1,0,0,0,0,0,110,618,198,7,4,2,15,7,116,30,9,3,33.3,4,44.4,1,0,1,0,0,0,1,0,1,6,1,5,0,1,4,0,10,24,29.4,"FW,MF"
442,Mateusz Wieteska,"3,117",3,20,82.4,65.5,84.6,1358,56,41,2022-2023,25,pl POL,Clermont Foot,fr Ligue 1,35,"3,117",34.6,35,0,0,0,1,1,0,0,0,0,1344,1631,82.4,3,80,5,0,99,25000,10745,518,587,88.2,670,756,88.6,128,239,53.6,20,15,0,1,3,1,0,3,0,0,0,2,1,0,1358,8189,4515,15,10,0,11,6,1211,8,13,11,84.6,0,0,41,23,28,13,0,19,33,57.6,14,44,28,16,56,97,97,4,78,41,65.5,DF
443,Rasmus Nicolaisen,"2,995",3,12,84.2,73.9,60,1500,50,48,2022-2023,25,dk DEN,Toulouse,fr Ligue 1,34,"2,995",33.3,34,0,1,0,2,2,0,0,0,0,1484,1763,84.2,5,81,3,0,114,29502,11304,479,556,86.2,790,870,90.8,188,289,65.1,12,11,0,0,1,0,0,3,3,0,0,0,0,0,1500,8417,4790,21,9,2,7,6,1353,4,15,9,60,3,20,48,21,34,14,0,29,46,63,17,58,45,13,50,98,152,0,116,41,73.9,DF
444,Bradley Locko,"1,329",0,26,77.2,60,48,475,22,35,2022-2023,20,fr FRA,2 Teams,fr Ligue 1,22,"1,329",14.8,15,7,11,0,0,0,0,0,0,0,461,597,77.2,10,52,10,6,62,7331,3021,241,275,87.6,172,235,73.2,32,57,56.1,26,22,1,1,0,1,1,0,0,0,0,0,0,0,475,3613,2011,42,19,4,29,17,387,44,50,24,48,22,44,35,19,23,5,7,17,30,56.7,13,21,4,17,22,57,34,0,15,10,60,DF
445,Bamba Dieng,941,3,18,72.3,40.9,32.4,247,2,23,2022-2023,22,sn SEN,2 Teams,fr Ligue 1,25,941,10.5,10,15,1,4,0,4,3,1,1,0,133,184,72.3,7,6,2,1,8,1903,235,74,95,77.9,42,55,76.4,8,12,66.7,18,10,0,0,3,3,2,3,0,0,0,2,1,0,247,1292,403,9,6,6,28,19,253,71,34,11,32.4,15,44.1,23,14,7,13,3,6,15,40,9,11,1,10,2,25,6,0,18,26,40.9,"FW,MF"
446,Rafael Ratão,"1,851",4,58,73.8,43.5,44.7,856,21,52,2022-2023,26,br BRA,Toulouse,fr Ligue 1,30,"1,851",20.6,25,5,1,5,4,9,5,0,0,0,590,800,73.8,30,46,33,9,83,8370,2341,338,423,79.9,183,243,75.3,31,58,53.4,58,47,0,2,7,1,1,4,4,0,0,0,0,0,856,5513,2196,61,40,16,57,31,783,216,85,38,44.7,37,43.5,52,36,29,16,7,27,73,37,46,34,0,34,21,73,7,0,10,13,43.5,"FW,MF"
447,Samuel Gigot,"1,879",4,19,87.2,76.7,44.4,938,45,46,2022-2023,28,fr FRA,Marseille,fr Ligue 1,26,"1,879",20.9,24,2,1,2,2,4,2,0,0,0,985,1130,87.2,4,57,2,0,74,17488,5168,353,394,89.6,535,582,91.9,66,110,60,19,15,0,0,4,0,0,4,4,0,0,0,0,0,938,5796,3346,33,29,0,11,3,855,19,9,4,44.4,4,44.4,46,24,22,21,3,12,15,80,3,24,7,17,45,91,85,1,56,17,76.7,DF
448,Kévin Gameiro,"2,098",3,58,79.1,30.8,38.8,723,9,20,2022-2023,35,fr FRA,Strasbourg,fr Ligue 1,34,"2,098",23.3,23,11,1,10,0,10,9,1,2,1,591,747,79.1,25,35,23,3,69,7909,1399,354,413,85.7,177,224,79,18,24,75,58,44,0,1,9,4,0,3,0,0,0,2,1,0,723,4243,1691,48,51,17,47,27,693,158,49,19,38.8,24,49,20,10,6,10,4,8,28,28.6,20,10,1,9,9,29,0,0,12,27,30.8,FW
449,Kylian Mbappé,"2,818",23,143,80.9,61.5,36.8,1583,5,10,2022-2023,23,fr FRA,Paris S-G,fr Ligue 1,34,"2,818",31.3,32,2,0,29,5,34,26,3,5,2,1096,1355,80.9,55,81,76,10,128,14622,3137,677,789,85.8,299,371,80.6,42,65,64.6,143,96,3,19,15,10,0,23,12,0,4,5,2,0,1583,9810,4725,165,126,86,63,42,1575,468,201,74,36.8,109,54.2,10,4,0,5,5,5,16,31.3,11,5,0,5,5,15,6,0,8,5,61.5,FW
450,Malang Sarr,716,1,8,89,62.5,50,457,15,6,2022-2023,23,fr FRA,Monaco,fr Ligue 1,13,716,8,8,5,12,0,0,0,0,0,0,0,460,517,89,1,55,1,0,59,9845,3187,120,131,91.6,258,274,94.2,74,95,77.9,8,8,0,0,0,0,0,1,1,0,0,0,0,0,457,2591,1656,5,7,2,4,2,410,2,4,2,50,2,50,6,3,5,1,0,1,5,20,4,11,7,4,15,21,29,2,15,9,62.5,DF
451,Juan Bernat,"1,648",6,37,92.4,37.5,52.5,912,9,32,2022-2023,29,es ESP,Paris S-G,fr Ligue 1,28,"1,648",18.3,18,10,7,1,4,5,1,0,0,0,969,1049,92.4,21,36,11,3,38,13422,3011,585,626,93.5,316,337,93.8,23,29,79.3,37,35,0,2,0,0,0,6,6,0,0,0,0,0,912,4433,1916,24,21,14,7,9,849,143,40,21,52.5,17,42.5,32,16,18,9,5,21,39,53.8,18,11,2,9,9,41,22,1,6,10,37.5,"DF,MF"
452,Alexander Djiku,"2,677",5,24,80.6,72.4,66.7,1173,66,53,2022-2023,27,gh GHA,Strasbourg,fr Ligue 1,31,"2,677",29.7,31,0,2,1,2,3,1,0,0,0,1215,1507,80.6,11,117,13,4,136,25533,10650,326,384,84.9,679,778,87.3,190,303,62.7,24,22,1,0,1,0,0,5,5,0,0,0,0,0,1173,6156,2955,4,9,1,8,7,1035,4,6,4,66.7,2,33.3,53,36,37,16,0,26,46,56.5,20,45,19,26,66,119,151,3,92,35,72.4,DF
453,Warmed Omari,"1,363",1,13,92.8,66.1,75,867,17,20,2022-2023,22,km COM,Rennes,fr Ligue 1,16,"1,363",15.1,15,1,4,0,0,0,0,0,0,0,911,982,92.8,5,42,2,0,58,19205,5888,203,223,91,573,592,96.8,125,147,85,13,10,0,0,1,1,1,1,1,0,0,0,0,0,867,5133,2601,4,9,0,7,4,820,0,4,3,75,0,0,20,11,14,6,0,14,28,50,14,13,7,6,17,37,43,1,37,19,66.1,DF
454,Jeffinho,446,3,19,84.4,33.3,40.5,207,1,17,2022-2023,22,br BRA,Lyon,fr Ligue 1,9,446,5,4,5,4,1,0,1,1,0,0,0,146,173,84.4,7,11,4,0,10,1802,399,98,107,91.6,36,43,83.7,1,1,100,19,12,0,3,0,4,0,3,2,0,0,0,1,0,207,1616,877,27,28,14,21,12,201,52,37,15,40.5,18,48.6,17,4,4,9,4,6,15,40,9,6,0,6,1,18,0,0,3,6,33.3,FW
455,Ludovic Ajorque,771,2,22,69.8,60.2,60,225,2,5,2022-2023,28,fr FRA,Strasbourg,fr Ligue 1,13,771,8.6,9,4,1,1,0,1,0,1,1,0,178,255,69.8,10,10,6,0,13,2614,397,103,137,75.2,55,79,69.6,11,16,68.8,22,20,0,0,2,0,0,2,1,0,0,1,0,0,225,901,202,2,7,1,19,10,262,55,5,3,60,2,40,5,4,1,4,0,3,9,33.3,6,3,1,2,2,7,7,0,50,33,60.2,FW
456,Jimmy Cabot,511,1,31,75.4,50,50,282,4,20,2022-2023,28,fr FRA,Lens,fr Ligue 1,11,511,5.7,5,6,0,0,1,1,0,0,0,0,261,346,75.4,17,19,13,4,29,4629,1527,123,137,89.8,102,130,78.5,32,68,47.1,31,23,7,0,0,0,1,1,1,0,0,0,0,0,282,2002,887,26,17,8,26,6,247,65,24,12,50,11,45.8,20,12,10,8,2,12,26,46.2,14,5,0,5,4,24,12,0,3,3,50,"DF,MF"
457,Ibrahima Niane,"1,136",3,20,75.4,31.5,27.6,259,1,6,2022-2023,23,sn SEN,Angers,fr Ligue 1,16,"1,136",12.6,15,1,0,2,0,2,2,0,0,0,175,232,75.4,8,17,4,0,24,2553,471,93,119,78.2,55,72,76.4,10,13,76.9,20,12,1,1,0,6,0,3,2,1,0,0,0,0,259,1376,435,11,11,4,36,21,269,57,29,8,27.6,18,62.1,6,2,1,4,1,1,6,16.7,5,8,2,6,1,7,9,0,23,50,31.5,FW
458,Mohamed Camara,"2,194",8,44,87.1,56,46.9,1236,27,83,2022-2023,22,ml MLI,Monaco,fr Ligue 1,29,"2,194",24.4,25,4,1,0,3,3,0,0,0,0,1119,1284,87.1,18,121,15,2,135,21268,5952,435,484,89.9,501,549,91.3,153,203,75.4,44,40,0,1,1,2,0,8,7,0,0,1,0,0,1236,6182,2831,28,29,1,36,26,1105,19,49,23,46.9,15,30.6,83,45,38,39,6,48,92,52.2,44,45,6,39,27,110,14,1,14,11,56,MF
459,Jean-Eudes Aholou,"1,300",2,28,75.5,59.1,41.2,538,24,34,2022-2023,28,ci CIV,Strasbourg,fr Ligue 1,30,"1,300",14.4,16,14,5,3,1,4,3,0,0,0,447,592,75.5,9,53,11,1,50,7451,2109,207,255,81.2,179,230,77.8,38,68,55.9,28,21,1,0,1,2,3,2,2,0,0,0,0,0,538,2906,1220,25,18,9,34,15,477,37,34,14,41.2,14,41.2,34,20,10,20,4,12,31,38.7,19,25,0,25,24,58,15,0,26,18,59.1,MF
460,Ruslan Malinovskyi,"1,227",5,57,75.7,38.5,64.3,533,3,21,2022-2023,29,ua UKR,Marseille,fr Ligue 1,20,"1,227",13.6,13,7,0,1,1,2,1,0,0,0,411,543,75.7,19,53,18,5,64,6846,1959,201,247,81.4,155,191,81.2,38,63,60.3,57,30,9,4,6,7,1,5,2,0,0,3,0,0,533,3349,1583,35,30,5,30,20,509,81,42,27,64.3,13,31,21,11,3,12,6,10,26,38.5,16,13,1,12,3,24,9,0,15,24,38.5,"MF,FW"
461,Lucas Perrin,"1,765",1,15,81.8,65.5,50,702,36,44,2022-2023,23,fr FRA,Strasbourg,fr Ligue 1,26,"1,765",19.6,18,8,6,0,1,1,0,0,0,0,678,829,81.8,8,56,9,2,50,13175,5389,231,261,88.5,353,400,88.3,82,144,56.9,15,13,0,0,1,0,1,1,1,0,0,0,0,0,702,4038,2243,13,12,1,6,4,607,14,12,6,50,3,25,44,27,28,14,2,25,49,51,24,13,5,8,36,80,53,0,36,19,65.5,DF
462,Andrew Gravillon,"1,038",1,9,74.2,52,58.3,370,21,16,2022-2023,24,gp GLP,Reims,fr Ligue 1,13,"1,038",11.5,12,1,4,0,0,0,0,0,0,0,330,445,74.2,3,31,4,2,38,6298,2474,127,157,80.9,159,191,83.2,38,75,50.7,9,5,2,0,2,0,0,1,1,0,0,0,0,0,370,2213,1183,18,12,1,11,4,307,14,12,7,58.3,3,25,16,8,9,6,1,8,13,61.5,5,18,9,9,21,37,36,0,13,12,52,DF
463,Jordan Veretout,"2,863",9,82,85.4,43.5,66.7,1860,36,56,2022-2023,29,fr FRA,Marseille,fr Ligue 1,38,"2,863",31.8,31,7,0,4,3,7,3,1,1,0,1834,2148,85.4,36,274,25,7,248,35304,9959,676,757,89.3,858,958,89.6,243,339,71.7,82,51,16,3,7,0,5,9,2,4,1,1,0,1,1860,10525,4999,59,62,6,28,13,1702,73,18,12,66.7,5,27.8,56,35,17,32,7,25,53,47.2,28,22,7,15,36,92,40,2,20,26,43.5,MF
464,Alexis Beka Beka,545,0,9,77.9,42.9,47.1,295,12,16,2022-2023,21,fr FRA,Nice,fr Ligue 1,14,545,6.1,7,7,19,0,0,0,0,0,0,0,236,303,77.9,3,19,2,1,25,3971,967,123,145,84.8,82,103,79.6,24,42,57.1,9,5,1,0,0,3,0,0,0,0,0,0,0,0,295,1911,864,13,12,3,12,8,262,23,17,8,47.1,8,47.1,16,5,6,9,1,4,15,26.7,11,9,1,8,12,28,6,0,3,4,42.9,"MF,DF"
465,Angelo Fulgini,858,4,45,75.8,22.2,40.6,471,8,14,2022-2023,25,fr FRA,Lens,fr Ligue 1,17,858,9.5,12,5,0,1,1,2,1,0,0,0,380,501,75.8,27,31,10,1,43,5810,1938,194,221,87.8,127,165,77,32,76,42.1,45,23,17,2,2,1,0,4,3,1,0,0,0,0,471,2562,1039,20,33,5,18,11,445,70,32,13,40.6,16,50,14,7,2,4,8,5,14,35.7,9,11,0,11,8,22,2,0,4,14,22.2,"MF,FW"
466,Lois Diony,506,0,11,76.8,47.5,27.3,141,0,1,2022-2023,29,fr FRA,Angers,fr Ligue 1,11,506,5.6,5,6,0,1,0,1,1,0,0,0,109,142,76.8,5,6,2,1,11,1202,221,72,82,87.8,17,25,68,1,3,33.3,11,7,0,2,1,1,0,0,0,0,0,0,0,0,141,747,224,14,8,3,16,8,163,64,11,3,27.3,6,54.5,1,0,0,1,0,1,3,33.3,2,2,0,2,0,1,1,0,19,21,47.5,FW
467,Brecht Dejaegere,"1,809",6,48,78,33.3,38,649,14,40,2022-2023,31,be BEL,Toulouse,fr Ligue 1,30,"1,809",20.1,25,5,3,4,1,5,4,0,0,0,518,664,78,17,56,25,0,96,8008,2371,278,331,84,196,242,81,30,49,61.2,48,40,0,4,2,2,0,6,4,0,1,1,0,0,649,3832,1521,36,26,5,35,18,613,96,50,19,38,25,50,40,23,10,20,10,15,51,29.4,36,25,5,20,14,54,11,0,8,16,33.3,MF
468,Yoann Cathline,"1,090",4,27,66.8,20,36.5,410,8,19,2022-2023,20,fr FRA,Lorient,fr Ligue 1,23,"1,090",12.1,11,12,6,1,1,2,1,0,0,0,241,361,66.8,6,14,13,6,29,3681,1269,134,170,78.8,82,129,63.6,17,37,45.9,27,13,2,6,3,2,1,4,1,1,1,1,0,0,410,2896,1414,46,30,10,38,27,369,106,63,23,36.5,31,49.2,19,12,7,6,6,5,12,41.7,7,10,1,9,8,27,16,1,2,8,20,"FW,MF"
469,Yoann Touzghar,447,0,2,71.4,31,33.3,93,0,3,2022-2023,35,tn TUN,2 Teams,fr Ligue 1,11,447,5,5,6,2,0,0,0,0,0,0,0,80,112,71.4,1,5,0,0,7,968,196,59,74,79.7,13,20,65,2,3,66.7,2,1,0,0,0,1,0,0,0,0,0,0,0,0,93,486,92,3,3,1,10,4,101,24,6,2,33.3,3,50,3,2,0,2,1,0,1,0,1,0,0,0,0,3,1,0,9,20,31,FW
470,Achraf Dari,"1,317",2,7,79.3,59.3,100,561,19,21,2022-2023,23,ma MAR,Brest,fr Ligue 1,18,"1,317",14.6,15,3,15,1,0,1,1,0,0,0,547,690,79.3,1,25,0,0,33,12287,4337,123,144,85.4,308,343,89.8,106,183,57.9,7,3,2,0,0,1,1,2,1,0,0,0,1,0,561,2954,1268,3,1,0,4,3,493,1,1,1,100,0,0,21,14,15,5,1,14,20,70,6,16,10,6,19,40,65,2,35,24,59.3,DF
471,Martin Terrier,"1,319",9,56,74.1,63,34.6,580,14,25,2022-2023,25,fr FRA,Rennes,fr Ligue 1,16,"1,319",14.7,16,0,0,9,4,13,9,0,0,0,447,603,74.1,26,39,15,3,60,6794,1561,230,302,76.2,146,187,78.1,38,52,73.1,56,43,0,3,8,1,1,9,6,0,1,1,1,0,580,3282,1254,34,33,9,26,15,591,137,26,9,34.6,14,53.8,25,11,7,9,9,13,24,54.2,11,15,2,13,14,39,6,0,63,37,63,"FW,MF"
472,Massadio Haïdara,"1,671",3,18,84.6,71.7,40,823,36,24,2022-2023,29,ml MLI,Lens,fr Ligue 1,36,"1,671",18.6,17,19,0,0,1,1,0,0,0,0,843,996,84.6,8,62,14,5,85,13642,4334,416,461,90.2,349,407,85.7,49,78,62.8,18,15,0,1,0,1,1,3,1,0,0,0,1,1,823,4538,2253,23,29,5,25,5,751,58,20,8,40,6,30,24,16,9,9,6,12,24,50,12,26,9,17,36,60,39,1,38,15,71.7,"DF,MF"
473,Sanjin Prcić,"1,633",2,37,84.3,69.6,70,893,25,27,2022-2023,28,ba BIH,Strasbourg,fr Ligue 1,29,"1,633",18.1,17,12,7,1,1,2,1,0,0,0,890,1056,84.3,12,90,10,2,112,17168,4866,341,382,89.3,382,427,89.5,142,204,69.6,37,27,4,1,1,4,0,2,2,0,0,0,0,0,893,4698,1921,14,35,1,9,7,791,14,20,14,70,5,25,27,12,6,16,5,19,31,61.3,12,22,7,15,25,52,22,0,16,7,69.6,MF
474,Jonathan Clauss,"2,590",13,101,74.7,37,50.8,1215,31,46,2022-2023,29,fr FRA,Marseille,fr Ligue 1,34,"2,590",28.8,32,2,0,2,9,11,2,0,0,0,1091,1461,74.7,49,90,54,23,121,17647,6285,553,671,82.4,426,542,78.6,74,150,49.3,101,78,3,5,12,0,3,13,11,0,0,1,0,1,1215,6722,3314,83,51,22,47,16,1081,240,63,32,50.8,27,42.9,46,28,21,16,9,23,52,44.2,29,29,4,25,31,77,40,2,10,17,37,DF
475,Seko Fofana,"3,073",13,94,87.4,59.5,54.1,1873,19,28,2022-2023,27,ci CIV,Lens,fr Ligue 1,35,"3,073",34.1,34,1,1,7,5,12,6,1,2,1,1590,1820,87.4,35,137,33,8,165,25744,5048,806,880,91.6,604,674,89.6,120,157,76.4,94,78,0,7,2,5,2,13,10,0,2,0,1,0,1873,11603,4763,117,95,32,61,42,1763,233,109,59,54.1,40,36.7,28,13,8,18,2,15,39,38.5,24,17,4,13,19,47,14,0,22,15,59.5,MF
476,Yan Valery,"2,497",1,37,73.5,62.7,47.8,1045,34,54,2022-2023,23,tn TUN,Angers,fr Ligue 1,30,"2,497",27.7,30,0,0,0,0,0,0,0,0,0,950,1292,73.5,12,69,17,14,84,16786,6797,414,503,82.3,407,511,79.6,98,211,46.4,37,25,2,5,2,3,0,1,1,0,0,0,0,0,1045,7052,3515,72,71,6,35,31,919,74,69,33,47.8,28,40.6,54,39,28,20,6,20,37,54.1,17,35,15,20,34,88,82,0,37,22,62.7,DF
477,Bonke Innocent,"1,182",4,17,89.3,31,75,503,26,28,2022-2023,26,ng NGA,Lorient,fr Ligue 1,25,"1,182",13.1,14,11,7,0,1,1,0,0,0,0,515,577,89.3,5,30,1,0,31,8110,1984,245,268,91.4,211,230,91.7,31,43,72.1,17,14,0,0,2,0,1,4,4,0,0,0,0,0,503,2178,742,3,8,0,7,4,442,0,8,6,75,0,0,28,17,13,14,1,11,36,30.6,25,22,5,17,26,54,31,0,9,20,31,MF
478,Boubakar Kouyaté,"1,256",0,11,81.7,63.2,75,513,34,31,2022-2023,25,ml MLI,Montpellier,fr Ligue 1,15,"1,256",14,15,0,1,0,0,0,0,0,0,0,499,611,81.7,2,24,0,0,27,9797,3098,138,169,81.7,286,320,89.4,63,100,63,11,10,0,0,1,0,0,0,0,0,0,0,0,0,513,3101,1519,3,3,1,3,0,459,1,4,3,75,0,0,31,18,18,11,2,19,35,54.3,16,24,14,10,34,65,73,1,43,25,63.2,DF
479,Gauthier Hein,"1,874",1,63,75.6,8.8,38.8,723,6,27,2022-2023,25,fr FRA,Auxerre,fr Ligue 1,35,"1,874",20.8,23,12,0,2,0,2,2,0,0,0,588,778,75.6,29,59,15,5,76,10358,2518,282,321,87.9,193,252,76.6,81,156,51.9,63,43,13,4,1,1,1,1,1,0,0,0,0,0,723,4963,2152,61,36,24,35,24,667,142,49,19,38.8,28,57.1,27,20,13,11,3,18,48,37.5,30,10,0,10,6,33,10,0,3,31,8.8,"MF,FW"
480,Jérémie Bela,743,3,10,66.9,100,33.3,240,9,6,2022-2023,29,ao ANG,Clermont Foot,fr Ligue 1,19,743,8.3,7,12,9,1,1,2,1,0,0,0,174,260,66.9,3,20,7,3,24,2397,917,99,133,74.4,61,84,72.6,4,17,23.5,10,7,0,1,1,1,0,3,1,0,1,0,1,0,240,1600,644,22,14,5,19,8,224,54,27,9,33.3,14,51.9,6,4,2,1,3,3,4,75,1,10,1,9,9,15,8,0,2,0,100,"DF,MF"
481,Jubal,"3,217",2,19,81.7,57.6,28.6,1106,53,41,2022-2023,28,br BRA,Auxerre,fr Ligue 1,37,"3,217",35.7,35,2,1,3,1,4,2,1,1,0,1099,1345,81.7,4,65,4,2,73,24023,7984,294,353,83.3,581,637,91.2,197,318,61.9,19,13,3,0,2,1,0,2,1,0,0,0,1,0,1106,5884,2794,7,11,0,23,4,972,1,7,2,28.6,2,28.6,41,26,29,11,1,19,38,50,19,57,34,23,53,94,193,0,76,56,57.6,DF
482,Jaouen Hadjam,805,1,23,79.2,36.8,65.9,380,12,27,2022-2023,19,dz ALG,Nantes,fr Ligue 1,13,805,8.9,8,5,4,0,1,1,0,0,0,0,378,477,79.2,7,30,11,5,45,6006,1961,190,213,89.2,153,194,78.9,23,44,52.3,23,19,1,3,0,0,0,1,1,0,0,0,0,0,380,2697,1302,22,20,6,15,14,329,39,44,29,65.9,12,27.3,27,21,13,9,5,16,25,64,9,10,3,7,12,39,12,0,7,12,36.8,DF
483,Nicolas Pépé,"1,495",6,56,80.4,38.1,44.7,752,3,25,2022-2023,27,ci CIV,Nice,fr Ligue 1,18,"1,495",16.6,17,1,1,6,0,6,3,3,3,0,558,694,80.4,28,29,19,4,53,8009,1739,327,376,87,159,198,80.3,35,54,64.8,56,34,12,2,4,4,0,6,0,2,1,1,2,0,752,4476,1872,48,29,26,45,52,724,151,76,34,44.7,33,43.4,25,13,14,5,6,11,25,44,14,17,0,17,3,28,1,0,8,13,38.1,"FW,MF"
484,Dimitri Payet,835,6,53,74.2,50,56.3,474,0,6,2022-2023,35,fr FRA,Marseille,fr Ligue 1,24,835,9.3,9,15,8,4,3,7,3,1,1,0,386,520,74.2,31,37,28,1,71,7048,2234,173,210,82.4,146,187,78.1,53,89,59.6,53,33,11,6,1,2,0,6,2,2,1,0,1,0,474,2613,1242,22,17,7,15,9,459,84,32,18,56.3,11,34.4,6,4,2,2,2,3,11,27.3,8,4,0,4,0,6,4,0,5,5,50,"MF,FW"
485,Mostafa Mohamed,"1,939",6,37,61.3,46.6,53.8,355,10,18,2022-2023,24,eg EGY,Nantes,fr Ligue 1,36,"1,939",21.5,18,18,1,8,2,10,8,0,0,0,215,351,61.3,15,17,5,1,22,3003,648,116,183,63.4,65,95,68.4,15,24,62.5,37,22,0,3,8,4,0,6,4,0,0,1,1,0,355,1972,552,13,13,11,53,23,408,109,39,21,53.8,15,38.5,18,13,5,7,6,9,20,45,11,23,1,22,10,28,33,0,76,87,46.6,FW
486,David Costa,"1,407",7,63,80.8,21.4,56.3,773,11,13,2022-2023,21,pt POR,Lens,fr Ligue 1,31,"1,407",15.6,16,15,4,1,3,4,1,0,0,0,615,761,80.8,29,69,32,4,117,9640,2690,311,351,88.6,239,297,80.5,37,59,62.7,63,51,1,6,3,1,1,7,6,0,1,0,0,0,773,5249,2537,61,73,9,32,28,736,133,48,27,56.3,16,33.3,13,7,1,10,2,7,19,36.8,12,19,1,18,11,24,6,0,3,11,21.4,"MF,FW"
487,Lilian Brassier,"3,093",2,29,76.9,62.2,44.8,1311,53,42,2022-2023,22,fr FRA,Brest,fr Ligue 1,36,"3,093",34.4,35,1,2,0,0,0,0,0,0,0,1257,1634,76.9,7,98,15,7,111,26597,11728,399,457,87.3,637,741,86,203,382,53.1,29,23,2,0,2,1,1,2,0,1,0,0,0,1,1311,7882,3805,20,22,0,23,15,1145,29,29,13,44.8,12,41.4,42,30,31,8,3,23,32,71.9,9,42,19,23,53,95,132,1,61,37,62.2,DF
488,Paul Joly,867,3,18,78.8,35.3,46.4,519,24,33,2022-2023,22,fr FRA,Auxerre,fr Ligue 1,10,867,9.6,10,0,6,0,0,0,0,0,0,0,514,652,78.8,7,34,13,8,41,9641,3372,218,247,88.3,201,237,84.8,75,127,59.1,18,14,0,2,1,1,0,3,1,0,1,0,1,0,519,3094,1511,19,27,1,9,12,445,48,28,13,46.4,8,28.6,33,21,21,10,2,19,35,54.3,16,13,2,11,24,57,29,2,6,11,35.3,DF
489,Hugo Ekitike,"1,155",7,33,81.9,40,41,353,9,12,2022-2023,20,fr FRA,Paris S-G,fr Ligue 1,25,"1,155",12.8,12,13,12,3,4,7,3,0,0,0,271,331,81.9,11,13,11,0,23,3321,391,188,221,85.1,54,71,76.1,6,9,66.7,33,25,0,3,2,3,0,7,6,0,1,0,0,0,353,2225,764,23,19,7,28,18,337,84,39,16,41,18,46.2,12,4,1,10,1,4,12,33.3,8,12,0,12,9,21,3,0,8,12,40,FW
490,Castello Lukeba,"2,986",3,17,90.1,54.5,64.7,2066,75,39,2022-2023,19,fr FRA,Lyon,fr Ligue 1,34,"2,986",33.2,33,1,1,2,0,2,2,0,0,0,2034,2257,90.1,3,133,5,0,166,37132,14125,761,812,93.7,1110,1182,93.9,138,207,66.7,17,17,0,0,0,0,0,3,3,0,0,0,0,0,2066,11163,6047,24,29,3,20,8,1885,9,17,11,64.7,5,29.4,39,23,27,8,4,21,31,67.7,10,42,24,18,75,114,105,1,36,30,54.5,DF
491,Julian Jeanvier,"1,760",0,9,82.4,48,66.7,674,27,32,2022-2023,30,gn GUI,Auxerre,fr Ligue 1,22,"1,760",19.6,20,2,7,1,0,1,1,0,0,0,653,792,82.4,1,22,0,0,27,12993,4484,220,260,84.6,328,364,90.1,90,143,62.9,9,6,1,1,0,1,0,0,0,0,0,0,0,0,674,3508,1755,4,4,0,8,2,607,6,3,2,66.7,1,33.3,32,17,24,8,0,13,22,59.1,9,24,17,7,27,59,96,1,24,26,48,DF
492,Karl Toko Ekambi,"2,325",8,72,77.5,37,52.8,941,18,12,2022-2023,29,cm CMR,2 Teams,fr Ligue 1,36,"2,325",25.8,26,10,0,7,4,11,7,0,0,0,701,905,77.5,38,39,23,4,57,10907,1930,376,459,81.9,258,320,80.6,41,56,73.2,72,57,0,6,5,3,1,8,5,0,1,1,0,1,941,5905,2305,88,58,40,56,39,920,275,72,38,52.8,28,38.9,12,10,3,5,4,7,24,29.2,17,17,2,15,18,30,9,0,34,58,37,"FW,MF"
493,Adrien Truffert,"1,954",8,51,79.3,56.7,45.7,1071,22,62,2022-2023,20,fr FRA,Rennes,fr Ligue 1,28,"1,954",21.7,24,4,0,0,6,6,0,0,0,0,1106,1395,79.3,22,71,17,10,89,17515,5252,544,621,87.6,487,625,77.9,52,87,59.8,51,40,3,3,3,2,0,8,7,1,0,0,0,0,1071,5984,2659,55,53,9,27,14,979,166,46,21,45.7,19,41.3,62,32,36,17,9,31,46,67.4,15,32,8,24,22,84,55,0,34,26,56.7,DF
494,Frederic Guilbert,"1,461",2,32,71.4,54.9,42.9,618,43,47,2022-2023,27,fr FRA,Strasbourg,fr Ligue 1,18,"1,461",16.2,17,1,0,0,1,1,0,0,0,0,617,864,71.4,16,35,13,7,52,10774,4127,280,338,82.8,261,346,75.4,56,134,41.8,32,23,4,0,0,3,2,2,1,1,0,0,0,0,618,3388,1483,21,25,1,23,6,528,52,35,15,42.9,16,45.7,47,29,18,23,6,25,43,58.1,18,24,3,21,43,90,33,1,28,23,54.9,DF
495,Baptiste Santamaria,"1,813",1,37,85,60,52.9,1122,21,41,2022-2023,27,fr FRA,Rennes,fr Ligue 1,25,"1,813",20.1,20,5,1,2,0,2,2,0,0,0,1119,1317,85,12,125,8,0,141,21674,5252,410,476,86.1,515,583,88.3,162,204,79.4,37,35,0,0,2,0,0,1,1,0,0,0,0,0,1122,5728,2726,17,37,1,30,11,1024,21,17,9,52.9,7,41.2,41,22,13,23,5,21,41,51.2,20,21,5,16,21,62,23,0,60,40,60,MF
496,Lassine Sinayoko,"1,570",7,61,74.4,36.1,46.7,579,18,33,2022-2023,22,ml MLI,Auxerre,fr Ligue 1,33,"1,570",17.4,16,17,4,1,2,3,1,0,0,0,413,555,74.4,23,38,28,6,74,5950,1763,235,298,78.9,124,165,75.2,26,43,60.5,61,42,0,4,9,5,1,7,3,0,0,2,2,0,579,3939,1782,49,33,22,42,33,520,150,60,28,46.7,24,40,33,15,14,12,7,21,40,52.5,19,12,0,12,18,51,17,0,22,39,36.1,"MF,FW"
497,Mattéo Guendouzi,"2,108",9,67,86.3,44.2,48.3,1165,21,39,2022-2023,23,fr FRA,Marseille,fr Ligue 1,33,"2,108",23.4,25,8,3,2,4,6,1,1,1,0,1094,1267,86.3,20,143,33,4,170,18942,5287,493,554,89,451,501,90,111,140,79.3,67,55,1,4,2,2,3,9,7,0,0,0,1,1,1165,7373,3862,50,61,9,25,14,1074,100,29,14,48.3,11,37.9,39,18,9,21,9,14,38,36.8,24,12,5,7,21,60,18,0,23,29,44.2,MF
498,Moses Simon,"2,346",4,85,63.9,22,35.8,729,11,18,2022-2023,27,ng NGA,Nantes,fr Ligue 1,34,"2,346",26.1,28,6,0,5,4,9,4,1,1,0,463,725,63.9,43,34,31,18,62,7630,2088,232,296,78.4,173,264,65.5,41,104,39.4,85,58,10,7,7,3,0,4,4,0,0,0,0,0,729,6355,3150,138,61,43,49,36,669,218,95,34,35.8,50,52.6,18,9,6,7,5,7,15,46.7,8,14,1,13,11,29,3,0,11,39,22,"FW,MF"
499,Thibault De Smet,"1,758",1,29,78.2,81.6,35.7,813,20,24,2022-2023,24,be BEL,Reims,fr Ligue 1,22,"1,758",19.5,20,2,4,0,1,1,0,0,0,0,878,1123,78.2,12,86,20,9,89,14328,5398,413,486,85,387,467,82.9,53,112,47.3,29,25,3,0,0,0,1,1,1,0,0,0,0,0,813,4432,2019,39,32,1,19,8,723,89,14,5,35.7,8,57.1,24,17,10,14,0,11,37,29.7,26,28,5,23,20,44,40,1,31,7,81.6,DF
500,Gerzino Nyamsi,"1,578",4,13,84.4,64.9,66.7,719,10,28,2022-2023,25,fr FRA,Strasbourg,fr Ligue 1,20,"1,578",17.5,19,1,1,1,1,2,1,0,0,0,710,841,84.4,3,55,6,0,68,14214,5117,207,234,88.5,421,460,91.5,74,131,56.5,13,10,1,1,1,0,0,4,3,0,1,0,0,0,719,4492,2479,13,9,0,11,2,634,3,15,10,66.7,4,26.7,28,20,14,12,2,10,12,83.3,2,19,11,8,10,38,63,1,37,20,64.9,DF
501,Ludovic Blas,"2,813",9,122,78.7,34.6,47.7,1235,19,47,2022-2023,24,fr FRA,Nantes,fr Ligue 1,37,"2,813",31.3,30,7,1,7,5,12,5,2,4,2,933,1186,78.7,47,87,27,8,147,17210,3890,392,449,87.3,393,464,84.7,117,209,56,122,75,19,16,9,3,0,9,3,3,2,1,0,0,1235,8989,3850,122,69,39,90,76,1128,248,172,82,47.7,74,43,47,30,17,19,11,17,49,34.7,32,26,1,25,19,66,8,0,18,34,34.6,"MF,FW"
502,Veljko Birmančević,444,2,15,66.5,20,22.7,182,7,13,2022-2023,24,rs SRB,Toulouse,fr Ligue 1,25,444,4.9,2,23,7,0,0,0,0,0,0,0,107,161,66.5,2,9,4,0,16,1391,503,62,87,71.3,33,45,73.3,2,8,25,15,8,0,0,3,4,0,2,1,0,0,0,1,0,182,1095,521,21,13,11,13,3,169,50,22,5,22.7,12,54.5,13,7,5,4,4,7,21,33.3,14,12,2,10,7,20,1,0,3,12,20,"FW,MF"
503,Falaye Sacko,"2,580",7,38,80.6,48.6,47.2,962,33,46,2022-2023,27,ml MLI,Montpellier,fr Ligue 1,35,"2,580",28.7,29,6,3,1,3,4,1,0,0,0,999,1240,80.6,19,57,11,4,76,15965,5374,499,565,88.3,392,467,83.9,72,142,50.7,38,33,2,2,0,0,1,7,6,0,0,0,0,1,962,6066,2873,50,36,6,33,13,820,70,36,17,47.2,15,41.7,46,25,25,15,6,32,51,62.7,19,43,14,29,33,79,75,1,17,18,48.6,DF
504,Angel Gomes,"2,816",15,89,85.9,21.1,53.6,1705,13,41,2022-2023,21,eng ENG,Lille,fr Ligue 1,36,"2,816",31.3,34,2,0,2,6,8,1,1,1,0,1517,1767,85.9,34,159,38,2,166,26307,6952,683,752,90.8,616,681,90.5,159,248,64.1,89,62,9,7,2,8,1,15,12,1,1,0,1,0,1705,8195,3493,39,57,10,41,26,1645,115,56,30,53.6,16,28.6,41,19,12,21,8,18,49,36.7,31,22,2,20,13,54,11,1,8,30,21.1,MF
505,Ronaël Pierre-Gabriel,653,1,15,78.8,53.3,68.8,289,9,25,2022-2023,24,fr FRA,Strasbourg,fr Ligue 1,14,653,7.3,7,7,2,0,1,1,0,0,0,0,287,364,78.8,4,26,3,3,22,4660,1705,141,164,86,122,146,83.6,14,30,46.7,15,8,3,1,1,1,1,1,1,0,0,0,0,0,289,1665,774,16,17,1,10,6,252,35,16,11,68.8,5,31.3,25,18,11,12,2,15,17,88.2,2,16,3,13,9,34,22,0,8,7,53.3,DF
506,Dion Lopy,"1,379",4,36,84.6,68.2,44.4,696,22,45,2022-2023,20,sn SEN,Reims,fr Ligue 1,29,"1,379",15.3,16,13,3,0,1,1,0,0,0,0,627,741,84.6,15,82,4,0,101,12141,3116,229,274,83.6,279,318,87.7,97,118,82.2,36,26,2,1,3,4,0,4,2,0,0,0,2,0,696,4238,1717,17,22,1,30,17,612,38,36,16,44.4,15,41.7,45,24,22,16,7,23,62,37.1,39,27,3,24,22,67,18,0,15,7,68.2,MF
507,Kevin Volland,639,4,18,56,44,20,210,2,8,2022-2023,30,de GER,Monaco,fr Ligue 1,17,639,7.1,7,10,5,3,2,5,3,0,0,0,112,200,56,14,14,8,0,31,1719,722,65,102,63.7,30,50,60,10,20,50,18,16,1,0,0,1,0,4,3,0,0,0,1,0,210,1030,270,6,6,5,19,7,213,60,5,1,20,3,60,8,4,1,5,2,2,8,25,6,8,0,8,2,10,0,0,11,14,44,"FW,MF"
508,Corentin Tolisso,"2,036",8,83,87.7,59.3,38.9,1748,24,44,2022-2023,27,fr FRA,Lyon,fr Ligue 1,30,"2,036",22.6,25,5,0,1,2,3,1,0,0,0,1710,1950,87.7,32,208,38,9,230,31063,9727,741,814,91,701,775,90.5,215,268,80.2,83,67,4,0,7,4,1,8,6,0,0,2,0,0,1748,8599,3431,32,43,2,21,17,1636,52,18,7,38.9,7,38.9,44,27,16,23,5,25,66,37.9,41,25,5,20,24,68,23,1,35,24,59.3,MF
509,Youssouf Ndayishimiye,568,1,8,90.1,45.5,60,351,12,13,2022-2023,23,bi BDI,Nice,fr Ligue 1,10,568,6.3,6,4,1,1,0,1,1,0,0,0,337,374,90.1,1,32,3,1,30,6228,1553,130,139,93.5,165,178,92.7,35,47,74.5,8,6,0,1,1,0,0,1,1,0,0,0,0,0,351,1768,937,7,10,1,9,3,320,5,5,3,60,1,20,13,9,8,5,0,6,11,54.5,5,8,5,3,12,25,22,1,5,6,45.5,"MF,DF"
510,Habib Diallo,"2,879",6,63,66.5,46.1,40.8,665,12,18,2022-2023,27,sn SEN,Strasbourg,fr Ligue 1,37,"2,879",32,32,5,0,20,1,21,17,3,4,1,397,597,66.5,27,26,12,1,41,5478,968,245,348,70.4,109,147,74.1,16,24,66.7,63,39,0,7,10,7,0,6,3,0,1,2,0,0,665,3878,1285,40,28,20,118,35,768,203,71,29,40.8,39,54.9,18,10,8,7,3,6,16,37.5,10,19,4,15,12,30,26,0,135,158,46.1,FW
511,Leny Yoro,769,0,5,91,60,100,498,18,11,2022-2023,16,fr FRA,Lille,fr Ligue 1,13,769,8.5,8,5,19,0,0,0,0,0,0,0,514,565,91,1,11,0,0,15,9564,2895,177,186,95.2,271,287,94.4,55,79,69.6,5,4,0,0,1,0,0,0,0,0,0,0,0,0,498,2516,1198,0,1,0,5,1,460,1,3,3,100,0,0,11,5,8,3,0,4,9,44.4,5,6,1,5,18,29,27,1,12,8,60,DF
512,Pedro Chirivella,"2,028",3,50,85.5,52.9,53.3,1196,20,33,2022-2023,25,es ESP,Nantes,fr Ligue 1,26,"2,028",22.5,25,1,2,0,1,1,0,0,0,0,1163,1360,85.5,24,182,12,1,172,21412,6260,493,528,93.4,465,522,89.1,159,239,66.5,50,46,1,2,0,0,1,3,3,0,0,0,0,0,1196,5875,2375,15,18,1,5,6,1103,22,15,8,53.3,6,40,33,22,12,15,6,17,44,38.6,27,24,1,23,20,53,7,0,9,8,52.9,MF
513,Neymar,"1,545",16,105,80.1,33.3,39.6,1289,4,22,2022-2023,30,br BRA,Paris S-G,fr Ligue 1,20,"1,545",17.2,18,2,0,13,11,24,11,2,2,0,1011,1262,80.1,49,135,48,2,161,14702,5435,568,659,86.2,297,359,82.7,71,124,57.3,105,75,12,2,6,10,0,16,11,3,0,1,1,0,1289,7565,3392,69,77,12,50,37,1260,127,96,38,39.6,46,47.9,22,14,6,9,7,9,19,47.4,10,7,1,6,4,26,1,1,1,2,33.3,"MF,FW"
514,Moussa Diarra,"1,225",3,16,83.1,55.2,37.5,546,19,20,2022-2023,21,ml MLI,Toulouse,fr Ligue 1,23,"1,225",13.6,12,11,13,0,1,1,0,0,0,0,537,646,83.1,8,30,11,4,50,8760,3452,252,291,86.6,235,265,88.7,32,51,62.7,16,15,0,0,0,1,0,3,3,0,0,0,0,0,546,3188,1480,21,22,1,23,5,489,43,24,9,37.5,13,54.2,20,9,9,9,2,9,15,60,6,25,10,15,19,39,27,1,16,13,55.2,DF
515,Florent Ogier,"1,701",3,11,79.3,50.9,50,749,18,33,2022-2023,33,fr FRA,Clermont Foot,fr Ligue 1,26,"1,701",18.9,18,8,11,0,1,1,0,0,0,0,741,935,79.3,5,47,3,0,57,13955,6170,278,317,87.7,348,414,84.1,93,168,55.4,11,9,2,0,0,0,0,3,3,0,0,0,0,0,749,3690,1777,4,5,0,7,1,683,3,8,4,50,3,37.5,33,16,20,12,1,22,39,56.4,17,22,13,9,18,51,64,1,28,27,50.9,DF
516,Youcef Atal,779,2,31,80.2,56.3,44.2,443,14,38,2022-2023,26,dz ALG,Nice,fr Ligue 1,18,779,8.7,8,10,2,1,0,1,1,0,0,0,408,509,80.2,11,28,16,7,39,6228,1790,232,262,88.5,131,157,83.4,33,64,51.6,31,22,0,4,2,2,1,2,1,0,1,0,0,0,443,2882,1605,38,29,8,10,5,402,63,43,19,44.2,22,51.2,38,22,18,15,5,23,32,71.9,9,9,0,9,14,52,13,0,9,7,56.3,"DF,MF"
517,Warren Zaïre-Emery,929,1,21,91.5,21.4,55.2,584,12,17,2022-2023,16,fr FRA,Paris S-G,fr Ligue 1,26,929,10.3,8,18,9,2,0,2,2,0,0,0,571,624,91.5,6,37,5,0,32,7791,1610,340,367,92.6,190,196,96.9,11,16,68.8,21,19,0,0,1,0,1,1,1,0,0,0,0,0,584,3412,1522,23,22,4,11,14,545,54,29,16,55.2,11,37.9,17,10,5,10,2,8,29,27.6,21,11,0,11,12,29,17,0,3,11,21.4,"MF,DF"
518,Téji Savanier,"2,546",11,130,69.9,35.3,52.2,1493,30,46,2022-2023,30,fr FRA,Montpellier,fr Ligue 1,30,"2,546",28.3,30,0,0,12,4,16,6,6,6,0,1185,1695,69.9,56,172,48,11,205,22639,8622,530,631,84,362,486,74.5,227,456,49.8,130,63,41,11,1,14,0,11,6,4,0,0,1,0,1493,8500,3547,48,63,4,71,50,1379,117,138,72,52.2,42,30.4,46,30,16,19,11,23,70,32.9,47,30,2,28,30,76,12,1,12,22,35.3,MF
519,Cheick Konaté,572,1,7,72.6,37.5,80.6,252,13,19,2022-2023,18,ml MLI,Clermont Foot,fr Ligue 1,9,572,6.4,6,3,7,0,0,0,0,0,0,0,228,314,72.6,2,14,3,1,21,4007,1579,96,118,81.4,107,136,78.7,20,43,46.5,7,3,1,2,0,1,0,1,1,0,0,0,0,0,252,1643,882,12,15,2,5,8,222,9,31,25,80.6,5,16.1,19,12,10,7,2,13,22,59.1,9,7,1,6,13,32,8,1,3,5,37.5,DF
520,Habib Diarra,"1,626",7,59,76.7,32.4,40.3,649,11,24,2022-2023,18,sn SEN,Strasbourg,fr Ligue 1,29,"1,626",18.1,18,11,6,3,2,5,3,0,0,0,506,660,76.7,24,42,21,10,52,8400,1973,215,258,83.3,217,264,82.2,42,79,53.2,59,42,0,7,4,6,0,7,4,0,1,0,2,0,649,4270,2145,68,44,18,37,21,574,89,62,25,40.3,25,40.3,24,16,10,11,3,15,29,51.7,14,17,1,16,11,35,13,0,12,25,32.4,"MF,FW"
521,Sinaly Diomande,"1,957",1,13,85.6,69.1,50,1241,49,42,2022-2023,21,ci CIV,Lyon,fr Ligue 1,24,"1,957",21.7,22,2,6,0,0,0,0,0,0,0,1257,1468,85.6,3,96,3,1,108,22048,7796,505,557,90.7,605,679,89.1,101,161,62.7,13,9,1,1,1,0,1,1,0,1,0,0,0,0,1241,6376,3326,10,20,0,20,5,1147,8,20,10,50,5,25,42,24,26,15,1,31,49,63.3,18,26,13,13,49,91,75,1,56,25,69.1,DF
522,Kevin Danso,"3,232",5,41,90,71.9,51.4,2008,33,37,2022-2023,23,at AUT,Lens,fr Ligue 1,37,"3,232",35.9,37,0,0,1,2,3,1,0,0,0,2103,2336,90,10,157,3,0,163,39503,14272,709,769,92.2,1184,1267,93.4,187,257,72.8,41,38,0,1,0,2,0,5,4,0,0,0,1,0,2008,13114,7379,34,32,1,17,17,1820,2,37,19,51.4,12,32.4,37,19,25,11,1,19,30,63.3,11,48,34,14,33,70,124,0,82,32,71.9,DF
523,Morgan Sanson,"1,419",5,48,77.4,51.9,37,641,22,36,2022-2023,27,fr FRA,Strasbourg,fr Ligue 1,18,"1,419",15.8,18,0,0,1,2,3,1,0,0,0,480,620,77.4,18,67,16,3,60,8228,2377,221,259,85.3,185,230,80.4,52,89,58.4,48,34,3,1,6,2,2,5,3,0,0,1,0,1,641,4176,1880,43,49,12,34,23,585,70,46,17,37,19,41.3,36,25,10,16,10,17,56,30.4,39,21,1,20,22,58,9,0,14,13,51.9,MF
524,Facundo Medina,"2,779",6,46,90.2,46.3,63.2,2278,26,31,2022-2023,23,ar ARG,Lens,fr Ligue 1,32,"2,779",30.9,32,0,2,2,4,6,2,0,0,0,2260,2506,90.2,15,239,17,8,238,37270,14504,1045,1099,95.1,953,1032,92.3,162,246,65.9,46,40,2,0,4,0,0,6,4,1,0,1,0,0,2278,14430,8259,81,63,1,22,21,2100,30,38,24,63.2,9,23.7,31,20,16,15,0,13,35,37.1,22,25,9,16,26,57,62,1,37,43,46.3,DF
525,Enzo Le Fée,"3,028",11,120,80.6,30.6,43.9,1970,34,108,2022-2023,22,fr FRA,Lorient,fr Ligue 1,35,"3,028",33.6,35,0,0,5,6,11,5,0,0,0,1708,2118,80.6,67,170,37,5,218,28806,9189,773,868,89.1,645,777,83,184,307,59.9,120,79,27,5,4,4,1,11,5,5,0,1,0,0,1970,12115,5413,96,90,13,74,55,1798,105,155,68,43.9,67,43.2,108,64,52,40,16,43,113,38.1,70,50,5,45,34,142,38,1,11,25,30.6,MF
526,Birger Meling,"1,209",3,18,85.3,42.9,22.7,629,23,24,2022-2023,27,no NOR,Rennes,fr Ligue 1,27,"1,209",13.4,10,17,4,0,1,1,0,0,0,0,671,787,85.3,7,57,15,4,91,11341,3382,304,345,88.1,307,345,89,47,65,72.3,18,16,2,0,0,0,0,3,3,0,0,0,0,0,629,4173,2046,37,27,4,11,9,566,74,22,5,22.7,15,68.2,24,15,9,12,3,12,25,48,13,18,2,16,23,47,26,0,12,16,42.9,DF
527,Tetê,"1,107",7,30,75.8,25,38.9,506,13,21,2022-2023,22,br BRA,Lyon,fr Ligue 1,17,"1,107",12.3,14,3,2,6,2,8,6,0,0,0,378,499,75.8,10,25,18,3,52,5666,1276,203,234,86.8,138,180,76.7,18,49,36.7,30,20,4,2,3,1,0,7,4,0,1,1,1,0,506,3173,1322,49,28,27,31,15,482,130,54,21,38.9,28,51.9,21,10,8,5,8,10,19,52.6,9,9,0,9,13,34,2,0,4,12,25,"FW,MF"
528,Pape Gueye,492,1,10,84.7,68.8,14.3,297,9,18,2022-2023,23,sn SEN,Marseille,fr Ligue 1,14,492,5.5,4,10,3,1,1,2,1,0,0,0,271,320,84.7,4,22,6,2,31,4966,1291,100,106,94.3,142,165,86.1,25,39,64.1,10,10,0,0,0,0,0,1,1,0,0,0,0,0,297,1687,881,9,4,1,7,6,271,13,7,1,14.3,4,57.1,18,7,10,7,1,7,15,46.7,8,9,2,7,9,27,2,0,11,5,68.8,"MF,DF"
529,Bevic Moussiti-Oko,698,0,18,55.2,53,50,159,2,3,2022-2023,27,cg CGO,Ajaccio,fr Ligue 1,17,698,7.8,7,10,1,1,0,1,1,0,0,0,90,163,55.2,5,10,2,0,10,1205,235,52,82,63.4,23,50,46,5,10,50,18,9,0,2,3,4,0,0,0,0,0,0,0,0,159,996,316,10,8,6,25,11,190,45,26,13,50,13,50,3,1,1,1,1,1,2,50,1,5,3,2,2,5,8,0,53,47,53,FW
530,Vincent Marchetti,"2,452",9,52,79.2,27.8,57.5,1005,19,55,2022-2023,25,fr FRA,Ajaccio,fr Ligue 1,31,"2,452",27.2,29,2,0,0,2,2,0,0,0,0,837,1057,79.2,15,107,24,0,143,14335,4323,383,454,84.4,318,381,83.5,87,136,64,52,43,0,2,4,3,0,9,8,0,0,0,1,0,1005,6603,3350,66,59,9,50,39,901,58,80,46,57.5,27,33.8,55,26,29,19,7,25,68,36.8,43,23,3,20,19,74,31,0,5,13,27.8,MF
531,Alexis Claude-Maurice,668,3,18,83.4,75,40,283,4,17,2022-2023,24,fr FRA,2 Teams,fr Ligue 1,22,668,7.4,6,16,8,5,3,8,5,0,0,0,221,265,83.4,8,17,8,0,27,2968,574,134,149,89.9,67,80,83.8,6,12,50,18,12,1,2,2,0,1,3,2,0,1,0,0,0,283,1662,614,11,7,7,21,15,288,44,30,12,40,14,46.7,17,11,7,9,1,9,19,47.4,10,6,0,6,4,21,2,0,6,2,75,FW
532,Romain Faivre,"1,546",10,58,83.7,15.4,47.2,717,1,19,2022-2023,24,fr FRA,2 Teams,fr Ligue 1,26,"1,546",17.2,17,9,5,5,4,9,5,0,0,0,597,713,83.7,23,50,25,3,91,8826,2638,338,382,88.5,195,227,85.9,32,55,58.2,58,37,4,10,3,4,0,10,5,1,4,0,0,0,717,5721,2853,91,68,18,34,12,673,82,108,51,47.2,43,39.8,19,11,7,6,6,6,28,21.4,22,14,0,14,1,20,4,0,2,11,15.4,"MF,FW"
533,Vitinha,464,1,11,70.6,27.8,45.5,133,2,15,2022-2023,22,pt POR,Marseille,fr Ligue 1,14,464,5.2,5,9,3,2,0,2,2,0,0,0,77,109,70.6,3,7,2,0,9,1023,231,46,61,75.4,21,26,80.8,3,4,75,11,5,0,3,2,1,0,1,0,0,1,0,0,0,133,615,191,3,6,2,18,8,121,41,11,5,45.5,6,54.5,15,7,0,6,9,3,11,27.3,8,3,0,3,2,17,6,0,5,13,27.8,FW
534,Mattia Viti,634,1,2,84.2,65,41.7,320,8,4,2022-2023,20,it ITA,Nice,fr Ligue 1,9,634,7,7,2,18,1,0,1,1,0,0,0,303,360,84.2,0,14,0,0,19,5043,1569,140,155,90.3,133,144,92.4,22,43,51.2,2,2,0,0,0,0,0,1,1,0,0,0,0,0,320,1547,749,1,5,0,2,2,296,1,12,5,41.7,5,41.7,4,2,1,1,2,2,5,40,3,9,3,6,8,12,22,0,13,7,65,DF
535,Emmanuel Agbadou,"2,388",3,31,85.8,62.5,57.1,1287,32,71,2022-2023,25,ci CIV,Reims,fr Ligue 1,29,"2,388",26.5,27,2,0,0,3,3,0,0,0,0,1281,1493,85.8,13,112,15,1,131,27077,9413,360,413,87.2,705,764,92.3,202,284,71.1,31,26,1,0,4,0,0,3,2,0,0,1,0,0,1287,7671,3866,15,19,2,23,13,1087,8,14,8,57.1,6,42.9,71,49,53,16,2,42,65,64.6,23,30,14,16,32,103,107,3,60,36,62.5,DF
536,Kenny Lala,"1,417",3,40,75.5,36.4,48,623,21,36,2022-2023,30,mg MAD,Brest,fr Ligue 1,17,"1,417",15.7,16,1,1,0,2,2,0,0,0,0,660,874,75.5,24,46,17,9,61,13499,5197,243,289,84.1,296,364,81.3,115,190,60.5,40,20,16,1,1,2,0,3,3,0,0,0,0,0,623,3493,1612,24,22,0,12,10,520,30,25,12,48,12,48,36,19,19,15,2,22,38,57.9,16,15,5,10,21,57,28,0,8,14,36.4,DF
537,Nicolas Pallois,"2,213",0,10,83.4,58.3,77.8,1005,30,69,2022-2023,34,fr FRA,Nantes,fr Ligue 1,26,"2,213",24.6,26,0,3,1,0,1,1,0,0,0,977,1171,83.4,4,88,8,2,86,20669,7510,281,313,89.8,522,577,90.5,163,256,63.7,10,7,0,1,1,0,1,0,0,0,0,0,0,0,1005,5025,2486,8,8,1,18,9,847,3,9,7,77.8,2,22.2,69,44,51,16,2,42,70,60,28,35,18,17,30,99,131,2,35,25,58.3,DF
538,Joris Chotard,"2,461",8,40,79.4,37.5,50,879,40,64,2022-2023,20,fr FRA,Montpellier,fr Ligue 1,35,"2,461",27.3,26,9,2,0,6,6,0,0,0,0,867,1092,79.4,27,89,19,3,105,15720,5467,354,414,85.5,364,425,85.6,110,183,60.1,40,30,4,1,1,1,3,8,8,0,0,0,0,0,879,4089,1539,8,15,2,20,12,754,28,26,13,50,9,34.6,64,34,37,23,4,40,78,51.3,38,40,11,29,40,104,42,1,12,20,37.5,MF
539,Saîf-Eddine Khaoui,"2,027",6,74,68.2,50,46.2,665,33,47,2022-2023,27,tn TUN,Clermont Foot,fr Ligue 1,34,"2,027",22.5,23,11,1,7,3,10,7,0,0,0,486,713,68.2,38,50,14,2,72,7402,2642,249,314,79.3,165,224,73.7,36,106,34,74,46,12,4,5,7,0,6,2,0,1,2,1,0,665,3607,1536,23,28,4,43,23,592,88,52,24,46.2,21,40.4,47,28,14,25,8,15,47,31.9,32,17,2,15,33,80,8,0,12,12,50,MF
540,Himad Abdelli,"2,137",3,69,83,43.9,56.6,1184,28,64,2022-2023,22,dz ALG,Angers,fr Ligue 1,30,"2,137",23.7,24,6,6,2,2,4,2,0,0,0,1043,1257,83,36,124,26,8,151,18273,4649,465,536,86.8,421,494,85.2,122,169,72.2,69,59,4,3,1,0,2,3,3,0,0,0,0,0,1184,6861,3294,58,60,7,36,20,1066,111,76,43,56.6,28,36.8,64,38,22,32,10,31,67,46.3,36,30,1,29,28,92,15,0,18,23,43.9,"MF,FW"
541,Pierrick Capelle,"1,428",5,33,82.6,35.1,48.3,608,15,36,2022-2023,35,fr FRA,Angers,fr Ligue 1,26,"1,428",15.9,15,11,3,0,3,3,0,0,0,0,590,714,82.6,13,58,7,5,66,10044,2766,287,321,89.4,236,274,86.1,49,88,55.7,33,22,8,1,2,0,0,5,3,1,1,0,0,0,608,3413,1195,16,24,4,34,20,548,40,29,14,48.3,14,48.3,36,21,17,15,4,22,55,40,33,24,3,21,15,51,24,0,13,24,35.1,"MF,DF"
542,Florian Sotoca,"3,054",21,135,76.3,55.4,40,1446,29,39,2022-2023,31,fr FRA,Lens,fr Ligue 1,38,"3,054",33.9,34,4,0,7,9,16,6,1,3,2,1172,1536,76.3,59,122,56,17,186,20095,5544,549,655,83.8,445,585,76.1,122,187,65.2,135,110,0,3,13,6,3,21,19,0,0,1,1,0,1446,7373,2546,53,61,16,44,25,1434,302,40,16,40,18,45,39,19,11,17,11,15,40,37.5,25,41,2,39,29,68,51,0,56,45,55.4,"MF,FW"
543,Maxime Busi,"1,043",1,19,75.6,46.7,28,462,14,21,2022-2023,22,be BEL,Reims,fr Ligue 1,21,"1,043",11.6,11,10,9,0,1,1,0,0,0,0,464,614,75.6,7,39,13,7,57,8573,2893,197,242,81.4,200,249,80.3,58,98,59.2,19,18,0,0,0,0,1,1,1,0,0,0,0,0,462,2885,1442,25,21,3,16,5,407,44,25,7,28,14,56,21,16,9,11,1,13,29,44.8,16,14,6,8,14,35,24,0,14,16,46.7,DF
544,Arnaud Nordin,"2,401",10,63,73.4,26.3,38.8,741,14,26,2022-2023,24,fr FRA,Montpellier,fr Ligue 1,36,"2,401",26.7,30,6,1,9,3,12,9,0,0,0,485,661,73.4,20,28,19,3,63,7015,1948,268,334,80.2,156,213,73.2,26,44,59.1,63,41,1,3,6,11,1,10,7,0,1,0,2,0,741,5545,2781,109,63,37,62,42,688,181,98,38,38.8,30,30.6,26,14,10,12,4,12,28,42.9,16,19,1,18,14,40,7,0,21,59,26.3,FW
545,Rony Lopes,"2,346",8,94,69.2,42.2,52.9,805,9,24,2022-2023,26,pt POR,Troyes,fr Ligue 1,32,"2,346",26.1,29,3,1,7,5,12,7,0,0,0,603,872,69.2,50,68,29,10,97,10507,3108,286,358,79.9,211,287,73.5,76,157,48.4,94,47,27,8,10,2,0,8,4,2,0,2,0,0,805,5307,2266,61,49,13,46,37,755,117,85,45,52.9,33,38.8,24,12,6,15,3,7,31,22.6,24,14,2,12,9,33,10,0,19,26,42.2,"MF,FW"
546,Leonardo Balerdi,"2,639",2,13,83.9,63.1,64.3,1413,63,57,2022-2023,23,ar ARG,Marseille,fr Ligue 1,35,"2,639",29.3,30,5,1,0,1,1,0,0,0,0,1389,1656,83.9,5,105,3,1,97,27891,8035,393,449,87.5,771,872,88.4,189,262,72.1,13,9,0,1,3,0,0,2,1,0,0,1,0,0,1413,8306,4291,15,19,0,23,3,1232,19,14,9,64.3,4,28.6,57,37,43,12,2,32,45,71.1,13,48,29,19,63,120,91,1,70,41,63.1,DF
547,Gaëtan Laborde,"2,755",13,86,66.1,45.4,49.1,761,9,46,2022-2023,28,fr FRA,2 Teams,fr Ligue 1,37,"2,755",30.6,31,6,0,15,3,18,15,0,1,1,512,775,66.1,47,28,30,8,58,7204,1767,317,415,76.4,144,217,66.4,26,74,35.1,86,62,8,7,9,0,0,13,6,0,4,3,0,0,761,4370,1873,62,44,25,80,33,755,216,57,28,49.1,27,47.4,46,26,14,17,15,18,41,43.9,23,28,2,26,9,55,14,0,54,65,45.4,FW
548,Ousmane Camara,521,0,1,90.9,71.4,66.7,336,11,10,2022-2023,19,fr FRA,Angers,fr Ligue 1,9,521,5.8,6,3,15,0,0,0,0,0,0,0,330,363,90.9,0,12,0,0,16,6431,2134,105,112,93.8,179,190,94.2,39,49,79.6,1,1,0,0,0,0,0,0,0,0,0,0,0,0,336,2207,1358,3,1,0,4,1,307,0,3,2,66.7,1,33.3,10,6,5,5,0,5,12,41.7,7,4,2,2,11,21,15,0,10,4,71.4,DF
549,Jackson Porozo,"1,617",0,9,81.4,65.3,63.6,545,33,32,2022-2023,21,ec ECU,Troyes,fr Ligue 1,22,"1,617",18,17,5,12,2,0,2,2,0,0,0,512,629,81.4,2,21,1,0,26,9099,2992,215,250,86,249,284,87.7,35,73,47.9,9,8,0,0,1,0,0,0,0,0,0,0,0,0,545,2845,1222,6,5,1,10,7,484,4,11,7,63.6,4,36.4,32,20,24,7,1,13,31,41.9,18,24,17,7,33,65,75,0,47,25,65.3,DF
550,Khéphren Thuram,"2,547",7,84,85.1,47.1,59.7,1322,38,51,2022-2023,21,fr FRA,Nice,fr Ligue 1,35,"2,547",28.3,30,5,0,2,4,6,2,0,0,0,1155,1358,85.1,36,107,24,2,128,18557,4343,558,622,89.7,484,543,89.1,74,111,66.7,84,57,1,14,6,3,3,7,5,0,1,1,0,0,1322,8692,4400,92,78,18,31,35,1223,77,77,46,59.7,24,31.2,51,25,22,23,6,19,43,44.2,24,33,13,20,38,89,34,0,16,18,47.1,MF
551,Mathias Autret,"1,290",7,54,75.5,27.8,40,512,12,22,2022-2023,31,fr FRA,Auxerre,fr Ligue 1,23,"1,290",14.3,16,7,12,2,2,4,1,1,1,0,451,597,75.5,27,61,16,4,77,9287,2835,172,204,84.3,175,219,79.9,92,140,65.7,54,35,12,3,3,0,1,7,3,2,0,2,0,0,512,2801,950,20,12,3,18,4,471,58,25,10,40,14,56,22,10,10,10,2,7,16,43.8,9,14,2,12,12,34,13,0,5,13,27.8,"MF,FW"
552,Florent Mollet,"1,089",3,49,78.6,33.3,37,484,10,14,2022-2023,30,fr FRA,Nantes,fr Ligue 1,19,"1,089",12.1,11,8,0,1,2,3,1,0,0,0,444,565,78.6,23,41,11,4,73,7342,2315,201,225,89.3,178,210,84.8,43,90,47.8,49,26,13,1,4,5,0,3,2,1,0,0,0,0,484,2836,1151,25,11,2,19,13,449,67,27,10,37,13,48.1,14,6,5,4,5,7,24,29.2,17,12,1,11,10,24,11,0,8,16,33.3,MF
553,Enzo Tchato,"1,096",2,21,74.3,51.5,30.8,399,7,26,2022-2023,19,cm CMR,Montpellier,fr Ligue 1,21,"1,096",12.2,11,10,11,1,1,2,1,0,0,0,414,557,74.3,5,26,6,5,34,6287,2107,228,276,82.6,148,193,76.7,19,53,35.8,21,18,0,1,0,1,1,2,2,0,0,0,0,0,399,2373,1198,25,26,2,14,7,377,57,13,4,30.8,7,53.8,26,17,14,11,1,13,22,59.1,9,17,2,15,7,33,33,0,17,16,51.5,DF
554,Abdoulaye Bamba,"1,364",0,8,85.9,54.8,44.4,598,18,22,2022-2023,32,ci CIV,Angers,fr Ligue 1,21,"1,364",15.2,12,9,14,0,0,0,0,0,0,0,619,721,85.9,4,46,6,3,36,10973,3954,248,266,93.2,302,341,88.6,53,81,65.4,8,7,0,0,0,0,1,0,0,0,0,0,0,0,598,2647,1112,8,5,0,9,4,541,19,9,4,44.4,4,44.4,22,12,15,5,2,16,19,84.2,3,7,3,4,18,40,38,0,17,14,54.8,DF
555,Krépin Diatta,"2,072",7,68,75.4,50.6,52.5,745,17,30,2022-2023,23,sn SEN,Monaco,fr Ligue 1,31,"2,072",23,22,9,3,4,2,6,4,0,0,0,581,771,75.4,26,49,35,9,90,8271,2607,336,404,83.2,189,258,73.3,25,48,52.1,68,44,1,8,7,5,3,7,2,0,0,1,3,1,745,4532,2035,80,51,28,45,20,720,229,61,32,52.5,18,29.5,30,21,4,17,9,13,32,40.6,19,29,1,28,17,47,12,0,41,40,50.6,"MF,FW"
556,Youssouf Fofana,"3,086",11,78,81.6,54.8,50.5,1600,56,81,2022-2023,23,fr FRA,Monaco,fr Ligue 1,36,"3,086",34.3,35,1,0,2,2,4,2,0,0,0,1419,1738,81.6,32,185,34,0,238,24636,7618,617,748,82.5,602,688,87.5,146,211,69.2,78,68,0,6,0,2,2,11,9,0,0,0,1,1,1600,9328,4753,81,90,9,48,41,1416,71,91,46,50.5,40,44,81,41,31,42,8,38,74,51.4,36,50,6,44,56,137,32,1,23,19,54.8,MF
557,Salis Abdul Samed,"2,894",1,50,91.8,45.2,59.2,1849,36,46,2022-2023,22,gh GHA,Lens,fr Ligue 1,33,"2,894",32.2,33,0,0,1,1,2,1,0,0,0,1819,1981,91.8,17,182,17,3,165,28679,7020,897,964,93,769,811,94.8,92,117,78.6,50,43,0,2,2,2,1,1,1,0,0,0,0,0,1849,9645,3457,33,56,3,39,32,1705,44,49,29,59.2,13,26.5,46,26,18,23,5,29,52,55.8,23,38,9,29,36,82,26,0,14,17,45.2,MF
558,Halid Šabanović,638,0,3,81.4,50,33.3,232,8,8,2022-2023,22,ba BIH,Angers,fr Ligue 1,15,638,7.1,8,7,8,2,0,2,2,0,0,0,228,280,81.4,2,20,4,1,20,3332,1097,135,147,91.8,69,93,74.2,12,22,54.5,3,2,1,0,0,0,0,0,0,0,0,0,0,0,232,1268,519,5,10,1,12,3,203,30,12,4,33.3,8,66.7,8,6,7,1,0,6,8,75,2,8,2,6,8,16,12,0,4,4,50,DF
559,Azzedine Ounahi,"1,250",5,48,86.9,22.7,56.1,747,15,21,2022-2023,22,ma MAR,2 Teams,fr Ligue 1,22,"1,250",13.9,14,8,1,1,0,1,1,0,0,0,629,724,86.9,18,79,12,1,92,10090,2975,335,365,91.8,208,237,87.8,56,76,73.7,48,35,1,6,4,2,0,5,2,0,2,1,0,0,747,5130,2405,59,50,18,28,17,707,85,82,46,56.1,29,35.4,21,9,6,14,1,10,22,45.5,12,9,0,9,15,36,4,1,5,17,22.7,"MF,FW"
560,Thomas Delaine,"1,069",4,23,66.3,50,44.4,415,16,28,2022-2023,30,fr FRA,Strasbourg,fr Ligue 1,17,"1,069",11.9,13,4,4,0,2,2,0,0,0,0,356,537,66.3,9,14,18,13,21,5526,1983,174,216,80.6,155,218,71.1,14,61,23,23,19,0,2,0,0,2,4,4,0,0,0,0,0,415,2770,1239,38,27,9,18,5,374,92,27,12,44.4,11,40.7,28,14,16,6,6,13,26,50,13,8,3,5,16,44,9,0,11,11,50,"DF,MF"
561,Noah Fadiga,"1,308",2,15,79.8,50,45,488,26,30,2022-2023,22,sn SEN,Brest,fr Ligue 1,21,"1,308",14.5,16,5,2,1,0,1,1,0,0,0,499,625,79.8,2,39,10,3,63,7725,2860,241,283,85.2,219,251,87.3,20,52,38.5,15,8,0,3,0,3,1,2,1,0,1,0,0,0,488,3212,1755,43,30,8,23,6,423,36,40,18,45,21,52.5,30,21,18,9,3,14,26,53.8,12,17,7,10,26,56,18,0,8,8,50,DF
562,Mahdi Camara,"1,820",2,38,82.2,44.2,53.3,632,40,63,2022-2023,24,fr FRA,Brest,fr Ligue 1,31,"1,820",20.2,20,11,2,2,0,2,2,0,0,0,578,703,82.2,9,53,7,1,80,8665,2082,289,331,87.3,227,272,83.5,23,35,65.7,38,25,0,6,3,2,2,2,0,0,1,0,1,0,632,3715,1589,32,25,2,27,17,549,44,45,24,53.3,16,35.6,63,36,18,38,7,25,43,58.1,18,35,4,31,40,103,16,0,19,24,44.2,MF
563,Loïs Openda,"2,517",12,67,67,39.4,35.2,501,2,11,2022-2023,22,be BEL,Lens,fr Ligue 1,38,"2,517",28,29,9,0,21,4,25,20,1,1,0,297,443,67,24,18,17,2,42,4347,944,143,203,70.4,104,137,75.9,16,35,45.7,67,39,1,10,10,6,1,12,6,0,3,3,0,0,501,3638,1505,61,40,39,59,24,490,206,54,19,35.2,28,51.9,11,9,2,6,3,2,13,15.4,11,9,0,9,2,13,6,0,13,20,39.4,FW
564,Johan Gastien,"2,603",9,69,82.9,50,36,1799,36,62,2022-2023,34,fr FRA,Clermont Foot,fr Ligue 1,31,"2,603",28.9,29,2,0,4,3,7,4,0,0,0,1743,2103,82.9,28,193,30,5,219,34446,11716,623,716,87,805,909,88.6,264,392,67.3,69,44,21,0,2,1,1,9,5,4,0,0,0,0,1799,8404,3491,13,30,1,26,12,1646,27,25,9,36,14,56,62,34,30,23,9,38,111,34.2,73,37,7,30,36,98,25,1,10,10,50,MF
565,Rominigue Kouamé,"2,661",7,66,88.7,50,70.4,1340,49,44,2022-2023,25,ml MLI,Troyes,fr Ligue 1,32,"2,661",29.6,31,1,5,1,1,2,1,0,0,0,1244,1403,88.7,23,145,13,2,169,22131,5532,513,558,91.9,574,636,90.3,119,144,82.6,66,58,0,5,2,1,0,7,6,0,1,0,0,0,1340,8361,3627,59,47,4,38,25,1180,36,71,50,70.4,15,21.1,44,27,28,14,2,17,41,41.5,24,32,11,21,49,93,46,1,21,21,50,MF
566,Moussa Soumano,495,1,10,64.2,25.8,71.4,69,0,2,2022-2023,17,fr FRA,Ajaccio,fr Ligue 1,14,495,5.5,5,9,5,1,0,1,1,0,0,0,43,67,64.2,5,0,1,1,1,514,74,30,40,75,8,12,66.7,1,3,33.3,10,7,0,2,0,1,0,1,0,0,1,0,0,0,69,394,100,5,3,4,16,7,72,19,7,5,71.4,2,28.6,2,2,0,1,1,0,6,0,6,2,0,2,0,2,0,0,8,23,25.8,FW
567,Mamadou Sakho,763,0,4,86.5,55,50,382,8,9,2022-2023,32,fr FRA,Montpellier,fr Ligue 1,15,763,8.5,7,8,17,1,0,1,1,0,0,0,397,459,86.5,1,15,0,0,33,6800,2504,157,175,89.7,205,227,90.3,21,39,53.8,4,2,0,0,1,0,1,0,0,0,0,0,0,0,382,1940,1144,0,0,0,1,0,357,2,2,1,50,1,50,9,5,4,5,0,3,5,60,2,17,12,5,8,17,35,1,22,18,55,DF
568,Aïman Maurer,501,1,13,69.6,30,56.7,148,3,2,2022-2023,17,ma MAR,Clermont Foot,fr Ligue 1,10,501,5.6,6,4,9,0,1,1,0,0,0,0,87,125,69.6,6,3,6,1,9,1442,365,46,55,83.6,35,43,81.4,5,20,25,13,8,2,1,1,1,0,1,1,0,0,0,0,0,148,1220,592,21,9,10,21,5,133,40,30,17,56.7,10,33.3,2,1,1,1,0,1,10,10,9,1,0,1,3,5,5,0,3,7,30,MF
569,Papa Ndiaga Yade,568,3,20,72,41.7,35.3,292,8,10,2022-2023,22,mr MTN,Troyes,fr Ligue 1,14,568,6.3,6,8,8,0,2,2,0,0,0,0,250,347,72,10,9,7,5,16,3664,1248,151,175,86.3,72,107,67.3,16,42,38.1,20,16,0,1,1,2,0,3,3,0,0,0,0,0,292,1885,1032,29,20,3,9,5,273,45,17,6,35.3,9,52.9,10,6,6,2,2,7,22,31.8,15,10,2,8,8,18,10,0,5,7,41.7,"DF,MF"
570,Gerson,417,1,12,81.1,57.1,28.6,199,2,6,2022-2023,25,br BRA,Marseille,fr Ligue 1,10,417,4.6,6,4,3,2,0,2,2,0,0,0,150,185,81.1,4,15,4,0,21,2156,576,87,97,89.7,47,59,79.7,7,12,58.3,12,9,0,1,0,2,0,1,1,0,0,0,0,0,199,1052,408,9,7,3,14,15,199,29,7,2,28.6,3,42.9,6,4,1,4,1,3,5,60,2,5,0,5,2,8,4,0,8,6,57.1,MF
571,Mathias Pereira Lage,"1,264",3,28,66.4,42.9,34.6,386,14,20,2022-2023,25,pt POR,Brest,fr Ligue 1,24,"1,264",14,16,8,3,2,1,3,2,0,0,0,257,387,66.4,14,25,3,2,30,4010,1256,135,169,79.9,77,114,67.5,27,63,42.9,28,19,3,2,1,3,0,3,2,0,0,0,1,0,386,2296,911,20,13,7,24,18,360,98,26,9,34.6,13,50,20,7,5,14,1,11,29,37.9,18,10,1,9,14,34,12,0,21,28,42.9,"MF,FW"
572,Jérémy Le Douaron,"2,071",6,46,67.7,46.2,29.7,490,11,15,2022-2023,24,fr FRA,Brest,fr Ligue 1,32,"2,071",23,24,8,0,10,3,13,10,0,0,0,264,390,67.7,17,18,14,4,31,3664,803,159,208,76.4,78,118,66.1,10,19,52.6,46,26,0,2,9,6,3,6,3,0,0,3,0,0,490,3359,976,38,22,13,73,34,512,132,74,22,29.7,40,54.1,15,9,5,9,1,3,27,11.1,24,29,2,27,11,26,30,0,61,71,46.2,"MF,FW"
573,Jean-Clair Todibo,"2,870",1,22,88.5,57.4,71.4,1980,41,76,2022-2023,22,fr FRA,Nice,fr Ligue 1,34,"2,870",31.9,33,1,0,0,0,0,0,0,0,0,1931,2181,88.5,5,137,6,1,153,37579,14089,614,646,95,1134,1198,94.7,161,289,55.7,22,17,0,1,4,0,0,1,1,0,0,0,0,0,1980,11039,5931,21,13,0,23,10,1760,6,28,20,71.4,6,21.4,76,48,54,19,3,41,56,73.2,15,41,19,22,41,117,110,2,39,29,57.4,DF
574,Ike Ugbo,895,1,11,70.1,18,35.3,138,2,5,2022-2023,23,ca CAN,Troyes,fr Ligue 1,25,895,9.9,9,16,9,2,1,3,2,0,0,0,96,137,70.1,3,6,0,0,8,1188,156,57,76,75,30,38,78.9,0,3,0,11,8,0,1,0,2,0,1,1,0,0,0,0,0,138,758,271,9,4,6,18,7,152,34,17,6,35.3,11,64.7,5,2,2,2,1,3,11,27.3,8,8,2,6,2,7,4,0,9,41,18,"FW,MF"
575,Lucien Agoume,"1,094",1,27,83.2,63.3,38.5,646,27,42,2022-2023,20,fr FRA,Troyes,fr Ligue 1,15,"1,094",12.2,14,1,6,0,1,1,0,0,0,0,619,744,83.2,12,62,15,2,93,10977,3466,254,295,86.1,285,322,88.5,60,89,67.4,27,23,3,0,1,0,0,1,1,0,0,0,0,0,646,3160,1227,9,10,0,9,11,590,10,13,5,38.5,5,38.5,42,25,18,15,9,17,33,51.5,16,14,5,9,27,69,24,0,31,18,63.3,MF
576,Joe Rodon,"1,417",0,3,89.9,59.5,100,920,9,11,2022-2023,24,wls WAL,Rennes,fr Ligue 1,16,"1,417",15.7,16,0,17,1,0,1,1,0,0,0,945,1051,89.9,1,39,0,0,49,19753,5513,181,214,84.6,661,697,94.8,90,118,76.3,3,3,0,0,0,0,0,0,0,0,0,0,0,0,920,4658,2308,5,3,0,5,2,863,0,3,3,100,0,0,11,7,9,2,0,4,10,40,6,16,12,4,9,20,54,1,44,30,59.5,DF
577,Adil Rami,"1,596",1,9,84.1,64.4,40,634,25,19,2022-2023,36,fr FRA,Troyes,fr Ligue 1,20,"1,596",17.7,18,2,6,0,1,1,0,0,0,0,615,731,84.1,3,45,2,1,35,12742,5477,194,211,91.9,306,343,89.2,103,154,66.9,9,7,0,0,1,0,1,1,1,0,0,0,0,0,634,3097,1427,4,7,0,7,0,551,2,10,4,40,4,40,19,14,13,5,1,17,32,53.1,15,23,16,7,25,44,75,3,29,16,64.4,DF
578,Timothy Weah,"1,748",3,44,82.2,39.4,54.1,878,23,24,2022-2023,22,us USA,Lille,fr Ligue 1,29,"1,748",19.4,18,11,1,0,2,2,0,0,0,0,824,1003,82.2,16,53,25,10,79,13165,3454,412,466,88.4,328,378,86.8,53,93,57,44,34,0,3,5,2,0,3,2,0,0,1,0,0,878,5599,2724,69,48,13,24,10,825,169,37,20,54.1,13,35.1,24,14,13,9,2,16,29,55.2,13,17,3,14,23,47,18,0,13,20,39.4,"DF,FW"
579,Nicolas Cozza,"1,277",2,18,72.5,47.7,33.3,447,21,38,2022-2023,23,fr FRA,Montpellier,fr Ligue 1,17,"1,277",14.2,14,3,1,2,1,3,2,0,0,0,429,592,72.5,7,27,7,3,48,7416,3170,204,248,82.3,182,235,77.4,30,70,42.9,18,15,0,1,1,1,0,2,2,0,0,0,0,0,447,2740,1368,20,16,3,18,4,407,34,15,5,33.3,8,53.3,38,21,27,9,2,26,38,68.4,12,11,5,6,21,59,35,1,21,23,47.7,DF
580,Danilo Pereira,"2,410",2,23,94.3,60.7,66.7,1888,36,32,2022-2023,30,pt POR,Paris S-G,fr Ligue 1,33,"2,410",26.8,27,6,3,2,0,2,2,0,0,0,1950,2068,94.3,4,200,7,0,154,32419,10970,909,946,96.1,859,899,95.6,136,164,82.9,23,19,0,0,2,1,1,2,2,0,0,0,0,0,1888,9953,5205,26,35,2,14,10,1748,11,15,10,66.7,5,33.3,32,17,15,14,3,19,26,73.1,7,26,19,7,36,68,59,1,34,22,60.7,"DF,MF"
581,Nuno da Costa,"2,003",5,52,68.5,39.8,42.2,489,20,45,2022-2023,31,cv CPV,Auxerre,fr Ligue 1,33,"2,003",22.3,23,10,0,5,4,9,5,0,0,0,261,381,68.5,25,22,12,5,32,4170,1230,124,183,67.8,87,112,77.7,27,41,65.9,52,35,0,7,4,5,1,5,4,0,1,0,0,0,489,3344,1069,30,18,15,92,40,495,130,109,46,42.2,47,43.1,45,23,14,23,8,11,46,23.9,35,21,1,20,20,65,15,0,45,68,39.8,"FW,MF"
582,Thomas Foket,"1,976",2,39,80.4,48,42.9,965,33,35,2022-2023,27,be BEL,Reims,fr Ligue 1,24,"1,976",22,23,1,0,0,1,1,0,0,0,0,1011,1257,80.4,23,67,17,9,94,16877,4625,445,535,83.2,470,555,84.7,66,103,64.1,39,37,0,0,0,1,1,2,2,0,0,0,0,0,965,5402,2400,56,38,4,29,20,858,154,21,9,42.9,9,42.9,35,22,18,11,6,17,46,37,29,21,7,14,33,68,29,2,12,13,48,DF
583,José Fonte,"2,592",2,16,90,67,75,1667,25,23,2022-2023,38,pt POR,Lille,fr Ligue 1,31,"2,592",28.8,30,1,2,1,0,1,1,0,0,0,1781,1979,90,4,104,1,0,99,33014,11617,687,728,94.4,875,944,92.7,181,257,70.4,16,13,0,0,2,1,0,2,1,0,0,1,0,0,1667,8544,4564,7,18,0,8,2,1572,8,4,3,75,0,0,23,17,18,4,1,10,21,47.6,11,27,14,13,25,48,112,2,61,30,67,DF
584,Wesley Saïd,644,3,23,79.5,41.7,65.4,220,1,4,2022-2023,27,fr FRA,Lens,fr Ligue 1,21,644,7.2,6,15,1,5,0,5,5,0,0,0,155,195,79.5,7,17,13,0,26,2247,565,95,114,83.3,44,53,83,11,18,61.1,23,11,0,9,3,0,0,3,0,0,2,1,0,0,220,1330,491,19,12,6,18,6,217,67,26,17,65.4,9,34.6,4,1,1,2,1,2,6,33.3,4,4,0,4,1,5,2,0,5,7,41.7,"FW,MF"
585,Kamory Doumbia,"1,155",3,41,79.6,24.1,50,536,13,31,2022-2023,19,ml MLI,Reims,fr Ligue 1,26,"1,155",12.8,13,13,9,2,2,4,1,1,1,0,428,538,79.6,18,66,14,1,85,6994,2058,202,241,83.8,179,212,84.4,31,47,66,41,34,0,2,2,2,1,3,3,0,0,0,0,0,536,3098,1318,29,21,3,34,20,486,82,36,18,50,16,44.4,31,16,9,14,8,12,37,32.4,25,17,1,16,13,44,3,0,7,22,24.1,MF
586,Ibrahim Amadou,424,0,3,84.7,54.5,50,167,10,10,2022-2023,29,fr FRA,Angers,fr Ligue 1,7,424,4.7,4,3,4,0,0,0,0,0,0,0,161,190,84.7,1,4,0,0,5,3021,1234,51,56,91.1,93,99,93.9,13,25,52,3,3,0,0,0,0,0,0,0,0,0,0,0,0,167,851,394,0,3,0,2,3,143,5,2,1,50,1,50,10,7,6,3,1,7,11,63.6,4,7,3,4,10,20,20,0,6,5,54.5,"DF,MF"
587,Jens Cajuste,"1,530",3,51,82,43.3,49.4,728,18,46,2022-2023,22,se SWE,Reims,fr Ligue 1,31,"1,530",17,14,17,0,3,1,4,3,0,0,0,606,739,82,16,66,15,0,109,11081,3065,251,297,84.5,266,312,85.3,72,98,73.5,51,40,0,5,1,1,4,3,2,0,1,0,0,0,728,4226,2387,46,36,10,28,23,663,40,79,39,49.4,30,38,46,25,25,14,7,25,48,52.1,23,30,6,24,18,64,22,0,13,17,43.3,MF
588,Vincent Sierro,665,0,14,78.7,50,75,343,4,19,2022-2023,26,ch SUI,Toulouse,fr Ligue 1,15,665,7.4,7,8,1,0,0,0,0,0,0,0,321,408,78.7,11,36,6,0,49,6144,1812,120,145,82.8,151,174,86.8,41,67,61.2,14,8,4,0,2,0,0,0,0,0,0,0,0,0,343,1717,666,7,10,2,6,7,313,13,8,6,75,1,12.5,19,11,9,9,1,11,29,37.9,18,12,3,9,4,23,11,1,9,9,50,MF
589,Théo Sainte-Luce,534,1,11,82.3,40,61.5,201,10,13,2022-2023,23,fr FRA,Montpellier,fr Ligue 1,9,534,5.9,7,2,2,1,1,2,1,0,0,0,219,266,82.3,6,11,5,3,14,3223,1215,122,137,89.1,83,100,83,7,17,41.2,11,7,4,0,0,0,0,1,1,0,0,0,0,0,201,1032,417,5,9,1,9,4,183,36,13,8,61.5,5,38.5,13,11,8,5,0,7,14,50,7,7,2,5,10,23,11,0,6,9,40,DF
590,Wissam Ben Yedder,"2,114",13,56,74.2,35.7,45.1,610,4,16,2022-2023,31,fr FRA,Monaco,fr Ligue 1,32,"2,114",23.5,28,4,4,19,6,25,14,5,6,1,449,605,74.2,25,32,30,0,75,6103,1335,248,308,80.5,142,184,77.2,16,36,44.4,56,36,1,5,7,5,2,13,8,0,0,3,1,1,610,3251,1304,48,32,26,35,32,599,198,51,23,45.1,25,49,16,9,2,5,9,4,13,30.8,9,15,0,15,4,20,0,0,15,27,35.7,FW
591,Branco van den Boomen,"2,888",22,154,76.1,33.3,50,1758,10,71,2022-2023,27,nl NED,Toulouse,fr Ligue 1,35,"2,888",32.1,32,3,0,5,8,13,1,4,4,0,1684,2214,76.1,88,270,51,13,321,37506,12927,551,625,88.2,700,852,82.2,387,636,60.8,154,85,57,0,9,3,0,22,16,3,0,3,0,0,1758,8854,3811,48,54,7,32,12,1682,102,38,19,50,14,36.8,71,36,26,32,13,36,89,40.4,53,27,4,23,10,81,27,2,6,12,33.3,MF
592,Anthony Rouault,"3,314",1,13,87.3,57.3,30,1683,56,66,2022-2023,21,fr FRA,Toulouse,fr Ligue 1,37,"3,314",36.8,37,0,1,2,1,3,2,0,0,0,1802,2063,87.3,6,113,6,0,136,34985,13356,621,677,91.7,941,1003,93.8,208,329,63.2,13,10,0,0,2,0,1,1,0,0,0,1,0,0,1683,8531,4632,10,8,1,23,5,1513,6,10,3,30,5,50,66,37,54,10,2,30,58,51.7,28,52,26,26,56,122,126,4,86,64,57.3,DF
593,Djed Spence,573,0,11,88.3,80,55.6,268,4,14,2022-2023,21,eng ENG,Rennes,fr Ligue 1,8,573,6.4,7,1,3,0,0,0,0,0,0,0,278,315,88.3,2,23,5,1,21,4201,891,139,154,90.3,126,140,90,5,11,45.5,11,7,0,4,0,0,0,0,0,0,0,0,0,0,268,1767,909,21,16,5,14,4,240,18,27,15,55.6,9,33.3,14,6,8,2,4,11,18,61.1,7,10,3,7,4,18,15,0,4,1,80,DF
594,Gideon Mensah,"2,262",0,50,77.3,51.2,44.1,1140,38,80,2022-2023,24,gh GHA,Auxerre,fr Ligue 1,26,"2,262",25.1,26,0,2,0,0,0,0,0,0,0,1126,1457,77.3,25,97,20,12,116,19117,7266,558,635,87.9,454,558,81.4,89,193,46.1,50,42,4,0,1,1,2,0,0,0,0,0,0,0,1140,7390,3334,56,63,1,44,13,945,110,59,26,44.1,28,47.5,80,44,43,32,5,44,77,57.1,33,33,10,23,38,118,41,0,21,20,51.2,DF
595,Souleyman Doumbia,"1,790",0,32,80,56.3,35.1,786,27,45,2022-2023,25,ci CIV,Angers,fr Ligue 1,24,"1,790",19.9,21,3,0,0,0,0,0,0,0,0,762,952,80,12,46,16,11,58,11455,3777,417,478,87.2,284,350,81.1,36,75,48,32,25,0,3,0,3,1,0,0,0,0,0,0,0,786,5076,2556,52,43,11,28,10,703,95,77,27,35.1,38,49.4,45,31,31,13,1,17,31,54.8,14,20,3,17,27,72,27,1,18,14,56.3,"DF,FW"
596,Alexandre Lacazette,"2,929",11,113,72.1,37.8,50,948,15,43,2022-2023,31,fr FRA,Lyon,fr Ligue 1,35,"2,929",32.5,34,1,0,27,5,32,21,6,8,2,661,917,72.1,48,59,48,1,108,9241,2675,352,457,77,205,269,76.2,37,68,54.4,113,78,2,10,8,13,2,11,8,0,0,0,3,0,948,4339,1466,40,25,18,65,46,929,227,76,38,50,28,36.8,43,23,7,17,19,10,29,34.5,19,23,3,20,15,58,4,0,28,46,37.8,FW
597,Désiré Doué,"1,115",2,35,77.5,43.5,60.8,502,13,37,2022-2023,17,fr FRA,Rennes,fr Ligue 1,26,"1,115",12.4,11,15,3,3,1,4,3,0,0,0,351,453,77.5,15,41,13,1,57,6004,1339,167,212,78.8,129,158,81.6,38,54,70.4,35,23,3,3,1,3,2,2,2,0,0,0,0,0,502,3396,1508,39,33,9,33,32,463,83,79,48,60.8,23,29.1,37,18,10,23,4,13,32,40.6,19,17,1,16,13,50,3,0,10,13,43.5,"MF,FW"
598,Neto Borges,"2,833",9,77,77.7,61,50,1197,41,75,2022-2023,25,br BRA,Clermont Foot,fr Ligue 1,33,"2,833",31.5,33,0,0,3,1,4,3,0,0,0,1163,1496,77.7,28,59,43,15,100,18327,6651,602,687,87.6,480,610,78.7,59,119,49.6,77,67,2,3,2,3,0,9,6,0,0,1,2,0,1197,6987,3368,69,57,13,44,21,1050,189,94,47,50,40,42.6,75,45,45,20,10,46,75,61.3,29,45,11,34,41,116,62,1,36,23,61,DF
599,Ismail Jakobs,"1,119",2,30,64.5,65.8,41.7,483,9,11,2022-2023,22,sn SEN,Monaco,fr Ligue 1,32,"1,119",12.4,9,23,3,0,2,2,0,0,0,0,423,656,64.5,12,36,18,10,46,6246,2158,231,300,77,138,214,64.5,26,78,33.3,30,24,2,1,3,0,0,2,2,0,0,0,0,0,483,2986,1332,39,31,8,17,7,493,109,12,5,41.7,6,50,11,5,7,3,1,5,12,41.7,7,9,1,8,9,20,18,0,50,26,65.8,"DF,FW"
600,Stijn Spierings,"3,120",6,60,85.3,50,40,1843,53,95,2022-2023,26,nl NED,Toulouse,fr Ligue 1,36,"3,120",34.7,35,1,1,2,0,2,2,0,0,0,1778,2085,85.3,22,192,22,5,231,32238,10001,781,875,89.3,730,809,90.2,210,298,70.5,60,48,0,2,3,3,4,6,4,0,1,0,1,0,1843,8655,3759,31,41,4,27,25,1616,30,40,16,40,13,32.5,95,67,37,49,9,43,101,42.6,58,49,11,38,53,148,44,0,20,20,50,MF