,,,,,,,,,,,,,,,,Playing Time,,,,,,Performance,,,,,,,Total,,,,,,,,Total,,Short,,,Medium,,,Long,,,,SCA Types,,,,,,,GCA Types,,,,,,Carries,,,,,,,,Receiving,,Take-Ons,,,,,Tackles,,,,,Challenges,,,,Blocks,,,,,,,Aerial Duels,,,
Rk,Player,Min,GCA,SCA,Cmp%,Won%,Succ%,Carries,Int,Tkl,Season,Age,Nation,Team,Comp,MP,Min,90s,Starts,Subs,unSub,Gls,Ast,G+A,G-PK,PK,PKatt,PKm,Cmp,Att,Cmp%,KP,3-Jan,PPA,CrsPA,PrgP,TotDist,PrgDist,Cmp,Att,Cmp%,Cmp,Att,Cmp%,Cmp,Att,Cmp%,SCA,PassLive,PassDead,TO,Sh,Fld,Def,GCA,PassLive,PassDead,TO,Sh,Fld,Def,Carries,TotDist,PrgDist,PrgC,3-Jan,CPA,Mis,Dis,Rec,PrgR,Att,Succ,Succ%,Tkld,Tkld%,Tkl,TklW,Def 3rd,Mid 3rd,Att 3rd,Tkl,Att,Tkl%,Lost,Blocks,Sh,Pass,Int,Tkl+Int,Clr,Err,Won,Lost,Won%,Pos
601,Lorenco Šimić,"2,109",3,26,74.1,67.1,55.6,563,60,23,2022-2023,26,hr CRO,Ascoli,it Serie B,26,"2,109",23.4,24,2,5,2,0,2,2,0,0,0,731,987,74.1,5,46,2,1,46,15674,6384,198,249,79.5,391,482,81.1,134,236,56.8,26,23,0,1,2,0,0,3,2,0,0,1,0,0,563,2539,1162,3,6,0,9,2,636,16,9,5,55.6,4,44.4,23,14,13,9,1,12,19,63.2,7,26,18,8,60,83,93,0,116,57,67.1,DF
602,Dennis Johnsen,"1,757",6,62,62.6,40,32,504,7,16,2022-2023,24,no NOR,Venezia,it Serie B,33,"1,757",19.5,19,14,3,3,5,8,3,0,0,0,342,546,62.6,34,28,31,9,59,6041,1780,163,212,76.9,131,196,66.8,37,80,46.3,62,50,0,6,2,3,1,6,6,0,0,0,0,0,504,2706,1293,51,23,23,54,28,585,167,97,31,32,60,61.9,16,8,8,4,4,6,22,27.3,16,20,4,16,7,23,5,0,26,39,40,"FW,DF"
603,Filippo Scaglia,"2,219",1,21,81.4,61.6,50,684,30,23,2022-2023,30,it ITA,Como,it Serie B,26,"2,219",24.7,25,1,11,0,0,0,0,0,0,0,947,1164,81.4,6,53,4,0,80,20540,8707,214,256,83.6,584,670,87.2,141,210,67.1,21,19,1,0,1,0,0,1,1,0,0,0,0,0,684,4096,2543,19,3,0,4,2,808,3,4,2,50,2,50,23,10,13,9,1,11,16,68.8,5,25,18,7,30,53,142,1,77,48,61.6,DF
604,Alessandro Vogliacco,"1,640",2,14,88.3,50.7,25,762,16,26,2022-2023,23,it ITA,Genoa,it Serie B,25,"1,640",18.2,18,7,11,0,0,0,0,0,0,0,1063,1204,88.3,2,59,2,0,72,21591,9014,311,336,92.6,600,652,92,142,194,73.2,14,11,1,0,2,0,0,2,1,0,0,1,0,0,762,3610,1887,7,1,0,6,2,906,4,4,1,25,1,25,26,15,16,9,1,15,21,71.4,6,18,10,8,16,42,75,0,35,34,50.7,DF
605,Frederik Sørensen,"2,813",2,19,76.1,54.9,80,679,63,51,2022-2023,30,dk DEN,Ternana,it Serie B,34,"2,813",31.3,32,2,2,1,0,1,1,0,0,0,962,1264,76.1,7,62,3,0,82,21735,10425,232,286,81.1,531,625,85,195,320,60.9,19,13,3,0,2,0,1,2,1,1,0,0,0,0,679,3444,1737,4,9,0,9,5,764,2,5,4,80,1,20,51,27,36,12,3,18,32,56.3,14,49,28,21,63,114,192,0,96,79,54.9,DF
606,Gianluca Di Chiara,"2,452",6,95,70.3,59.3,48.1,958,48,29,2022-2023,28,it ITA,US Reggina,it Serie B,32,"2,452",27.2,30,2,4,0,3,3,0,0,0,0,1187,1689,70.3,53,159,39,21,197,21974,10774,512,587,87.2,489,628,77.9,148,388,38.1,95,57,31,1,5,1,0,6,5,0,0,1,0,0,958,4621,2592,47,36,6,21,14,1086,88,27,13,48.1,9,33.3,29,14,15,11,3,17,35,48.6,18,39,9,30,48,77,48,2,16,11,59.3,DF
607,Anthony Oyono,993,5,32,80.5,63,56.8,360,7,33,2022-2023,21,ga GAB,Frosinone,it Serie B,13,993,11,11,2,10,0,2,2,0,0,0,0,476,591,80.5,11,29,7,5,41,7615,3014,253,282,89.7,179,221,81,32,64,50,32,22,2,5,1,2,0,5,4,0,1,0,0,0,360,2163,1141,35,23,7,17,4,403,44,37,21,56.8,11,29.7,33,24,21,8,4,14,21,66.7,7,10,1,9,7,40,18,0,17,10,63,DF
608,Raúl Asencio,982,3,24,55.3,49.6,42.9,177,3,7,2022-2023,24,es ESP,Cittadella,it Serie B,17,982,10.9,11,6,6,2,1,3,1,1,1,0,110,199,55.3,13,11,7,0,21,1511,394,69,108,63.9,28,55,50.9,6,11,54.5,24,19,0,0,2,3,0,3,1,0,0,1,1,0,177,813,189,6,6,3,40,18,267,45,21,9,42.9,9,42.9,7,3,1,3,3,0,4,0,4,9,0,9,3,10,8,0,56,57,49.6,"FW,MF"
609,Francesco Forte,"2,238",4,42,65.5,40.1,42.9,318,9,15,2022-2023,29,it ITA,2 Teams,it Serie B,34,"2,238",24.9,27,7,0,6,2,8,6,0,2,2,235,359,65.5,11,15,5,0,27,3068,595,144,206,69.9,63,101,62.4,9,14,64.3,42,29,0,2,3,6,2,4,2,0,0,1,0,1,318,1369,485,23,17,10,82,36,446,108,21,9,42.9,11,52.4,15,8,2,8,5,3,11,27.3,8,7,0,7,9,24,19,0,73,109,40.1,FW
610,Antonio Barreca,878,1,20,75.7,44.4,33.3,292,6,13,2022-2023,27,it ITA,Cagliari,it Serie B,22,878,9.8,8,14,8,0,0,0,0,0,0,0,362,478,75.7,8,27,10,5,40,5846,2088,197,215,91.6,121,157,77.1,37,86,43,20,11,7,1,1,0,0,1,0,0,0,1,0,0,292,1875,1044,25,24,2,10,7,335,38,12,4,33.3,7,58.3,13,10,7,4,2,5,9,55.6,4,4,2,2,6,19,14,0,8,10,44.4,DF
611,Hjörtur Hermannsson,"2,123",0,21,76.8,57.6,100,639,24,31,2022-2023,27,is ISL,Pisa,it Serie B,27,"2,123",23.6,24,3,10,0,0,0,0,0,0,0,875,1140,76.8,6,65,10,5,96,18056,7832,268,312,85.9,470,558,84.2,126,244,51.6,21,17,4,0,0,0,0,0,0,0,0,0,0,0,639,3668,1868,11,5,0,13,2,731,8,1,1,100,0,0,31,20,20,11,0,15,24,62.5,9,18,9,9,24,55,69,0,38,28,57.6,DF
612,Gabriele Gori,"1,024",5,29,60.9,49.1,30.8,190,1,15,2022-2023,23,it ITA,US Reggina,it Serie B,34,"1,024",11.4,5,29,3,3,1,4,3,0,0,0,173,284,60.9,14,11,4,0,15,2257,329,109,160,68.1,49,77,63.6,5,11,45.5,29,21,0,1,6,0,1,5,5,0,0,0,0,0,190,816,263,6,4,3,29,25,301,66,13,4,30.8,8,61.5,15,8,5,8,2,5,14,35.7,9,8,0,8,1,16,7,0,57,59,49.1,"FW,MF"
613,Roberto Inglese,"1,392",3,24,64.8,40.5,46.7,269,1,10,2022-2023,30,it ITA,Parma,it Serie B,24,"1,392",15.5,16,8,8,4,1,5,4,0,0,0,169,261,64.8,12,9,4,1,18,2436,304,104,142,73.2,42,69,60.9,15,24,62.5,24,19,0,1,2,2,0,3,2,0,0,0,1,0,269,1268,313,17,7,7,52,38,345,77,30,14,46.7,14,46.7,10,4,3,4,3,4,15,26.7,11,16,0,16,1,11,4,0,34,50,40.5,FW
614,Tommaso Cassandro,"1,403",3,37,68.7,43.5,50,494,21,33,2022-2023,22,it ITA,Cittadella,it Serie B,18,"1,403",15.6,16,2,1,0,0,0,0,0,0,0,647,942,68.7,9,67,17,9,84,10996,5604,337,379,88.9,245,358,68.4,56,166,33.7,37,20,7,0,2,6,2,3,0,1,0,1,1,0,494,2407,1335,29,21,3,15,7,558,40,12,6,50,5,41.7,33,20,17,13,3,15,24,62.5,9,11,0,11,21,54,30,1,20,26,43.5,DF
615,Idrissa Touré,"1,987",3,42,67.3,59.8,37.7,494,29,44,2022-2023,24,de GER,Pisa,it Serie B,29,"1,987",22.1,23,6,2,3,2,5,3,0,0,0,486,722,67.3,23,53,20,6,78,6868,2305,289,373,77.5,150,230,65.2,20,46,43.5,42,38,0,3,1,0,0,3,3,0,0,0,0,0,494,2726,1107,28,26,3,46,37,591,106,61,23,37.7,36,59,44,27,23,14,7,19,39,48.7,20,28,5,23,29,73,36,0,110,74,59.8,"MF,DF"
616,Danilo Quaranta,"1,361",0,10,80.3,42.1,40,301,13,12,2022-2023,25,it ITA,Ascoli,it Serie B,18,"1,361",15.1,16,2,19,0,0,0,0,0,0,0,428,533,80.3,1,23,1,0,42,8078,3501,155,178,87.1,220,263,83.7,44,75,58.7,10,10,0,0,0,0,0,0,0,0,0,0,0,0,301,1467,735,7,2,0,12,1,347,3,5,2,40,1,20,12,9,5,7,0,8,11,72.7,3,11,9,2,13,25,45,1,16,22,42.1,DF
617,Soufiane Bidaoui,889,2,28,79.6,16.7,48.4,244,0,8,2022-2023,32,ma MAR,2 Teams,it Serie B,19,889,9.9,9,10,12,0,1,1,0,0,0,0,218,274,79.6,11,10,3,1,18,2908,537,147,167,88,57,74,77,6,10,60,28,18,3,4,2,1,0,2,1,1,0,0,0,0,244,1598,863,34,14,24,25,16,286,71,31,15,48.4,11,35.5,8,3,3,4,1,2,9,22.2,7,5,0,5,0,8,2,0,2,10,16.7,FW
618,Tommaso D'Orazio,"2,199",3,30,68,46.4,41.7,609,33,60,2022-2023,32,it ITA,2 Teams,it Serie B,31,"2,199",24.4,27,4,3,2,0,2,2,0,0,0,741,1090,68,10,63,17,9,84,13810,5992,332,398,83.4,310,422,73.5,92,230,40,30,18,5,0,4,2,1,3,3,0,0,0,0,0,609,3751,2108,51,30,7,19,11,694,57,36,15,41.7,16,44.4,60,39,29,22,9,22,34,64.7,12,24,7,17,33,93,46,0,26,30,46.4,DF
619,Hernani,"2,278",11,98,70,52.6,50,696,17,35,2022-2023,28,br BRA,US Reggina,it Serie B,30,"2,278",25.3,27,3,2,7,4,11,4,3,3,0,763,1090,70,44,91,20,6,119,13406,4178,397,503,78.9,240,338,71,100,161,62.1,98,65,19,5,6,3,0,11,9,1,0,1,0,0,696,4673,2098,65,51,5,46,42,892,95,80,40,50,29,36.3,35,24,16,16,3,23,61,37.7,38,44,4,40,17,52,28,0,82,74,52.6,MF
620,Marcello Falzerano,"1,280",1,25,66.3,27.8,34.3,364,6,26,2022-2023,31,it ITA,Ascoli,it Serie B,22,"1,280",14.2,16,6,10,0,0,0,0,0,0,0,331,499,66.3,11,16,4,0,31,5309,1383,169,208,81.3,125,177,70.6,23,66,34.8,25,19,2,2,0,2,0,1,0,0,0,0,1,0,364,2229,895,33,16,10,28,20,394,87,35,12,34.3,18,51.4,26,12,18,4,4,10,19,52.6,9,15,1,14,6,32,13,0,5,13,27.8,"MF,DF"
621,Florian Ayé,"2,638",4,55,61,41.9,40,350,1,18,2022-2023,25,fr FRA,Brescia,it Serie B,37,"2,638",29.3,33,4,0,8,2,10,7,1,1,0,350,574,61,19,24,6,0,35,4526,857,221,324,68.2,95,159,59.7,10,22,45.5,55,39,0,4,8,4,0,4,4,0,0,0,0,0,350,1532,562,22,14,7,78,21,590,146,40,16,40,14,35,18,8,9,8,1,6,14,42.9,8,14,0,14,1,19,23,0,121,168,41.9,FW
622,Ryder Matos,411,1,13,68.3,17.6,42.9,113,0,3,2022-2023,29,br BRA,Perugia,it Serie B,15,411,4.6,5,10,7,0,1,1,0,0,0,0,71,104,68.3,5,4,3,0,11,932,216,43,52,82.7,16,23,69.6,4,6,66.7,13,7,1,1,1,3,0,1,1,0,0,0,0,0,113,608,226,10,4,3,22,11,133,36,14,6,42.9,5,35.7,3,1,1,1,1,1,3,33.3,2,4,0,4,0,3,0,0,3,14,17.6,"FW,MF"
623,Nicholas Siega,485,2,6,54.4,47.1,7.7,58,15,18,2022-2023,31,it ITA,Südtirol,it Serie B,14,485,5.4,6,8,15,0,1,1,0,0,0,0,43,79,54.4,2,7,3,2,8,703,260,23,29,79.3,14,23,60.9,5,14,35.7,6,4,0,0,1,1,0,2,2,0,0,0,0,0,58,304,79,5,2,1,15,5,65,14,13,1,7.7,9,69.2,18,11,9,8,1,6,20,30,14,12,4,8,15,33,7,0,8,9,47.1,MF
624,Niccolò Zanellato,"1,569",2,55,79.7,65.2,51.6,556,19,31,2022-2023,24,it ITA,SPAL,it Serie B,28,"1,569",17.4,16,12,8,0,2,2,0,0,0,0,660,828,79.7,25,93,13,7,98,12361,3136,272,323,84.2,293,337,86.9,84,128,65.6,55,46,0,3,1,1,4,2,2,0,0,0,0,0,556,2516,1153,24,28,0,26,10,720,89,31,16,51.6,7,22.6,31,22,9,16,6,12,22,54.5,10,12,3,9,19,50,21,1,45,24,65.2,MF
625,Ben Lhassine Kone,"1,070",3,34,81.1,33.3,48,355,18,25,2022-2023,22,ci CIV,Frosinone,it Serie B,19,"1,070",11.9,10,9,4,2,0,2,2,0,0,0,338,417,81.1,10,38,5,1,40,6067,1554,153,174,87.9,150,170,88.2,31,52,59.6,34,22,0,7,1,2,2,3,2,0,1,0,0,0,355,2269,1106,31,24,8,23,25,362,20,50,24,48,14,28,25,19,10,12,3,8,22,36.4,14,17,2,15,18,43,17,0,6,12,33.3,MF
626,Tiago Casasola,"3,037",6,96,52.4,45.9,41.4,905,36,97,2022-2023,26,ar ARG,Perugia,it Serie B,35,"3,037",33.7,34,1,1,9,4,13,3,6,6,0,833,1591,52.4,39,141,72,42,187,17533,10366,300,412,72.8,357,636,56.1,165,421,39.2,96,73,11,7,2,2,1,6,5,1,0,0,0,0,905,4771,2688,70,50,11,37,17,1028,179,70,29,41.4,35,50,97,62,60,28,9,65,102,63.7,37,37,10,27,36,133,77,0,50,59,45.9,DF
627,Vittorio Parigini,"1,187",3,48,65.7,60.9,42.9,376,10,27,2022-2023,26,it ITA,Como,it Serie B,27,"1,187",13.2,13,14,6,0,1,1,0,0,0,0,335,510,65.7,25,24,28,16,43,5650,1945,173,215,80.5,122,182,67,35,84,41.7,48,33,4,5,2,3,1,3,2,1,0,0,0,0,376,3179,1639,54,38,8,39,19,414,95,63,27,42.9,24,38.1,27,17,15,9,3,14,33,42.4,19,9,1,8,10,37,10,0,14,9,60.9,"MF,DF"
628,Leonardo Benedetti,"2,039",5,45,84,50.8,45.9,642,29,44,2022-2023,22,it ITA,Bari,it Serie B,31,"2,039",22.7,23,8,5,3,2,5,3,0,0,0,797,949,84,17,67,11,1,84,12283,3180,436,489,89.2,310,361,85.9,37,61,60.7,45,40,0,3,0,2,0,5,5,0,0,0,0,0,642,3607,1868,53,23,7,43,29,780,73,61,28,45.9,19,31.1,44,31,24,18,2,24,42,57.1,18,34,11,23,29,73,43,0,31,30,50.8,MF
629,Ádám Nagy,"2,443",4,41,77.4,37.3,38.5,643,53,54,2022-2023,27,hu HUN,Pisa,it Serie B,34,"2,443",27.1,29,5,1,0,2,2,0,0,0,0,907,1172,77.4,16,125,12,6,113,15680,5679,416,495,84,379,469,80.8,86,142,60.6,41,40,1,0,0,0,0,4,4,0,0,0,0,0,643,3207,1606,20,21,0,29,23,741,21,13,5,38.5,4,30.8,54,30,21,31,2,29,65,44.6,36,39,4,35,53,107,36,1,22,37,37.3,MF
630,Alessandro Fiordaliso,459,0,10,73.7,47.6,50,177,4,8,2022-2023,23,it ITA,SPAL,it Serie B,15,459,5.1,3,12,19,0,0,0,0,0,0,0,238,323,73.7,3,29,7,4,30,4248,1489,98,110,89.1,116,147,78.9,21,50,42,10,9,0,1,0,0,0,0,0,0,0,0,0,0,177,717,340,6,6,0,4,0,242,35,4,2,50,2,50,8,6,4,2,2,5,12,41.7,7,4,1,3,4,12,10,0,10,11,47.6,DF
631,Georgi Tunjov,703,4,28,67.4,52.6,50,242,5,11,2022-2023,21,ee EST,SPAL,it Serie B,23,703,7.8,6,17,14,0,1,1,0,0,0,0,229,340,67.4,18,34,12,9,43,4623,1715,98,126,77.8,77,107,72,47,87,54,28,18,7,1,1,1,0,4,4,0,0,0,0,0,242,1262,608,16,14,4,19,12,285,50,26,13,50,12,46.2,11,7,7,1,3,6,17,35.3,11,8,0,8,5,16,12,0,10,9,52.6,"MF,DF"
632,Joaquín Larrivey,"1,573",1,26,62.3,48,36.4,217,6,14,2022-2023,37,ar ARG,2 Teams,it Serie B,33,"1,573",17.5,16,17,5,4,0,4,3,1,1,0,296,475,62.3,12,29,4,0,30,4257,814,169,245,69,94,149,63.1,17,32,53.1,26,24,0,0,0,2,0,1,1,0,0,0,0,0,217,729,186,5,5,1,30,11,416,62,11,4,36.4,6,54.5,14,7,2,8,4,3,8,37.5,5,8,0,8,6,20,29,0,110,119,48,"FW,MF"
633,Caleb Ekuban,645,4,21,70.1,65.6,48.3,168,0,6,2022-2023,28,gh GHA,Genoa,it Serie B,14,645,7.2,6,8,2,2,2,4,2,0,0,0,108,154,70.1,5,10,6,0,15,1584,328,58,78,74.4,36,44,81.8,6,9,66.7,21,12,0,4,2,3,0,4,4,0,0,0,0,0,168,891,381,18,14,11,30,15,219,64,29,14,48.3,11,37.9,6,4,1,4,1,2,3,66.7,1,9,0,9,0,6,2,0,21,11,65.6,FW
634,Stefano Moreo,"2,452",3,50,57.4,53.6,43.6,392,11,34,2022-2023,29,it ITA,2 Teams,it Serie B,36,"2,452",27.2,29,7,2,4,1,5,4,0,1,1,364,634,57.4,22,34,8,2,51,5128,1376,209,340,61.5,114,174,65.5,19,37,51.4,50,35,0,2,5,8,0,3,2,0,0,1,0,0,392,2225,739,24,21,6,71,15,642,132,39,17,43.6,21,53.8,34,26,16,12,6,11,23,47.8,12,24,4,20,11,45,49,0,147,127,53.6,"FW,MF"
635,Nicholas Pierini,"1,196",7,51,70.9,37.5,38,324,7,23,2022-2023,23,it ITA,Venezia,it Serie B,35,"1,196",13.3,12,23,3,4,0,4,4,0,0,0,327,461,70.9,19,27,19,5,56,5224,1474,166,207,80.2,110,138,79.7,33,79,41.8,51,32,8,3,5,3,0,7,3,0,2,2,0,0,324,1582,729,15,15,3,34,16,412,95,50,19,38,22,44,23,13,8,9,6,11,21,52.4,10,11,1,10,7,30,9,0,18,30,37.5,"FW,DF"
636,Luca Ceppitelli,"1,779",1,10,84.8,67,100,750,39,31,2022-2023,32,it ITA,Venezia,it Serie B,22,"1,779",19.8,21,1,7,0,0,0,0,0,0,0,1044,1231,84.8,3,63,3,0,71,21841,8825,279,317,88,604,654,92.4,154,229,67.2,10,8,0,0,2,0,0,1,1,0,0,0,0,0,750,3497,2048,9,7,1,9,4,899,4,2,2,100,0,0,31,18,17,13,1,12,21,57.1,9,23,9,14,39,70,94,1,67,33,67,DF
637,Nicola Falasco,"2,015",8,104,65.1,50,36.4,729,19,23,2022-2023,28,it ITA,Ascoli,it Serie B,27,"2,015",22.4,25,2,5,0,2,2,0,0,0,0,873,1340,65.1,60,94,35,23,96,19581,7964,335,379,88.4,316,443,71.3,214,470,45.5,104,48,51,1,2,2,0,8,4,3,0,0,1,0,729,4216,2304,59,33,3,20,12,816,65,44,16,36.4,17,38.6,23,14,12,9,2,16,29,55.2,13,16,1,15,19,42,38,0,13,13,50,DF
638,Ionuț Nedelcearu,"3,206",3,18,87.8,61.4,50,1094,47,25,2022-2023,26,ro ROU,Palermo,it Serie B,36,"3,206",35.6,36,0,0,0,3,3,0,0,0,0,1543,1757,87.8,4,53,1,0,103,29629,10127,478,529,90.4,927,1000,92.7,124,203,61.1,18,15,1,0,2,0,0,3,1,0,0,2,0,0,1094,7351,4693,20,8,0,11,1,1229,4,2,1,50,1,50,25,12,23,2,0,10,18,55.6,8,36,23,13,47,72,138,1,94,59,61.4,DF
639,Giuseppe Bellusci,"1,323",0,13,79.7,57.1,66.7,420,19,16,2022-2023,32,it ITA,Ascoli,it Serie B,18,"1,323",14.7,14,4,9,0,0,0,0,0,0,0,590,740,79.7,5,44,2,0,46,12289,4969,167,192,87,328,369,88.9,85,162,52.5,13,11,1,0,0,1,0,0,0,0,0,0,0,0,420,2141,1330,11,2,0,6,3,474,2,3,2,66.7,0,0,16,8,13,3,0,13,20,65,7,9,3,6,19,35,47,1,28,21,57.1,DF
640,Alessandro Deiola,"1,522",1,36,72.9,51.9,50,412,16,24,2022-2023,26,it ITA,Cagliari,it Serie B,26,"1,522",16.9,16,10,4,3,2,5,3,0,0,0,527,723,72.9,21,63,7,5,62,11097,3314,183,230,79.6,233,283,82.3,102,165,61.8,36,31,1,1,3,0,0,1,1,0,0,0,0,0,412,1914,692,7,12,0,19,10,512,44,6,3,50,3,50,24,12,11,11,2,14,30,46.7,16,10,2,8,16,40,29,0,41,38,51.9,"MF,DF"
641,Güven Yalçın,684,2,26,71.1,43.2,39.5,193,2,7,2022-2023,23,tr TUR,Genoa,it Serie B,22,684,7.6,6,16,13,0,1,1,0,0,0,0,165,232,71.1,12,16,6,2,23,2397,712,105,126,83.3,46,67,68.7,10,15,66.7,26,18,0,5,1,2,0,2,2,0,0,0,0,0,193,1099,449,17,12,6,21,19,246,56,38,15,39.5,19,50,7,3,2,3,2,4,8,50,4,10,1,9,2,9,5,0,16,21,43.2,"FW,MF"
642,Sebastiano Esposito,603,3,23,68.8,27.3,42.9,160,4,5,2022-2023,20,it ITA,Bari,it Serie B,11,603,6.7,9,2,5,4,2,6,4,0,0,0,121,176,68.8,9,16,5,1,18,2010,624,72,94,76.6,27,38,71.1,17,33,51.5,23,10,1,3,4,4,1,3,1,0,0,1,0,1,160,657,323,11,4,4,20,13,195,39,21,9,42.9,9,42.9,5,3,1,3,1,2,16,12.5,14,13,2,11,4,9,5,0,3,8,27.3,"FW,MF"
643,Simeon Nwankwo,818,3,12,60.2,50.9,62.5,156,1,1,2022-2023,30,ng NGA,Benevento,it Serie B,22,818,9.1,7,15,4,0,0,0,0,0,0,0,106,176,60.2,7,5,2,0,12,1462,247,60,86,69.8,33,57,57.9,4,7,57.1,12,11,0,0,1,0,0,3,2,0,0,1,0,0,156,435,129,2,4,1,32,23,213,35,8,5,62.5,2,25,1,0,0,1,0,0,4,0,4,6,1,5,1,2,6,0,28,27,50.9,FW
644,Matteo Rover,"2,487",10,61,64,43.1,43.9,585,26,43,2022-2023,23,it ITA,Südtirol,it Serie B,36,"2,487",27.6,26,10,0,5,5,10,3,2,2,0,444,694,64,20,22,30,19,60,7559,2303,222,287,77.4,155,228,68,49,111,44.1,61,44,1,6,8,2,0,10,9,0,1,0,0,0,585,5445,2656,90,57,32,63,11,633,153,82,36,43.9,40,48.8,43,30,27,7,9,26,50,52,24,31,7,24,26,69,42,0,25,33,43.1,"MF,FW"
645,Valentin Mihaila,562,4,29,67.5,50,46.4,166,1,4,2022-2023,22,ro ROU,Parma,it Serie B,15,562,6.2,7,8,5,2,3,5,2,0,1,1,143,212,67.5,10,11,7,1,18,2202,597,93,116,80.2,34,54,63,10,28,35.7,29,14,5,5,3,2,0,4,1,2,0,1,0,0,166,1088,447,15,11,10,20,7,213,57,28,13,46.4,13,46.4,4,1,2,1,1,0,4,0,4,7,1,6,1,5,3,0,6,6,50,FW
646,Ivan Marconi,"2,241",2,17,82.6,63.4,71.4,773,39,36,2022-2023,32,it ITA,Palermo,it Serie B,29,"2,241",24.9,27,2,3,3,1,4,3,0,0,0,1075,1302,82.6,2,76,8,1,99,20375,8502,389,445,87.4,572,641,89.2,104,186,55.9,17,13,1,0,3,0,0,2,1,0,0,1,0,0,773,3657,2025,7,7,1,11,0,937,3,7,5,71.4,1,14.3,36,21,23,12,1,17,27,63,10,31,17,14,39,75,94,1,83,48,63.4,DF
647,Antonino La Gumina,"1,639",4,29,71.1,32.1,33.3,239,2,5,2022-2023,26,it ITA,Benevento,it Serie B,27,"1,639",18.2,19,8,3,3,0,3,2,1,1,0,162,228,71.1,14,7,3,0,14,2383,348,91,120,75.8,54,70,77.1,9,10,90,29,18,1,1,4,3,2,4,0,1,1,1,1,0,239,1352,533,19,17,8,54,22,291,98,30,10,33.3,18,60,5,4,0,4,1,1,7,14.3,6,16,3,13,2,7,10,0,25,53,32.1,FW
648,Pietro Martino,"1,781",3,27,72.4,52.6,47.4,575,30,35,2022-2023,24,it ITA,Cosenza,it Serie B,28,"1,781",19.8,19,9,5,0,1,1,0,0,0,0,710,980,72.4,9,69,21,12,73,15075,5022,240,292,82.2,317,403,78.7,142,239,59.4,27,24,0,2,0,0,1,3,3,0,0,0,0,0,575,3899,1987,35,27,1,20,15,650,67,38,18,47.4,18,47.4,35,25,21,9,5,17,29,58.6,12,21,12,9,30,65,69,0,30,27,52.6,DF
649,Rigoberto Rivas,"2,205",6,73,65.7,43.3,36.4,601,10,28,2022-2023,24,hn HON,US Reggina,it Serie B,38,"2,205",24.5,28,10,0,3,2,5,3,0,0,0,493,750,65.7,30,26,30,11,52,7619,1650,286,366,78.1,159,227,70,33,77,42.9,73,51,5,10,5,2,0,6,5,0,0,0,1,0,601,4466,2364,103,47,57,77,32,735,222,88,32,36.4,48,54.5,28,13,9,10,9,10,24,41.7,14,33,2,31,10,38,29,0,26,34,43.3,"FW,MF"
650,Pedro Mendes,"1,256",2,37,54.9,53.8,18.8,270,2,7,2022-2023,22,pt POR,Ascoli,it Serie B,30,"1,256",14,11,19,5,4,1,5,4,0,0,0,240,437,54.9,15,26,4,0,30,3040,852,150,249,60.2,62,105,59,7,27,25.9,37,26,0,0,5,6,0,2,1,0,0,0,1,0,270,923,310,8,11,1,39,13,447,88,16,3,18.8,6,37.5,7,6,1,6,0,2,6,33.3,4,9,3,6,2,9,10,0,86,74,53.8,"FW,MF"
651,Daniel Boloca,"2,601",5,94,89.1,38.3,71.6,1040,33,58,2022-2023,23,ro ROU,Frosinone,it Serie B,31,"2,601",28.9,29,2,0,2,0,2,2,0,0,0,1441,1618,89.1,28,170,13,0,179,25233,6754,652,701,93,564,622,90.7,179,215,83.3,94,81,0,6,4,0,3,5,5,0,0,0,0,0,1040,5615,2958,62,49,11,35,19,1350,39,81,58,71.6,18,22.2,58,44,31,22,5,24,48,50,24,43,10,33,33,91,30,0,18,29,38.3,MF
652,Anthony Partipilo,"2,792",7,85,64.1,32.1,37,716,16,32,2022-2023,27,it ITA,Ternana,it Serie B,36,"2,792",31,33,3,0,7,3,10,7,0,0,0,465,725,64.1,41,42,28,5,78,7561,2041,251,334,75.1,144,220,65.5,53,105,50.5,85,51,6,9,12,7,0,7,3,0,2,0,2,0,716,4645,2061,72,40,36,98,53,813,247,108,40,37,55,50.9,32,15,11,16,5,14,36,38.9,22,32,6,26,16,48,30,0,27,57,32.1,"FW,MF"
653,Marino Defendi,953,2,18,68.2,39.3,66.7,297,6,12,2022-2023,36,it ITA,Ternana,it Serie B,20,953,10.6,8,12,9,0,1,1,0,0,0,0,350,513,68.2,13,35,10,6,45,5740,2452,182,205,88.8,136,200,68,26,80,32.5,18,13,3,1,0,0,1,2,2,0,0,0,0,0,297,1817,953,28,19,2,10,5,349,66,6,4,66.7,2,33.3,12,7,4,7,1,9,15,60,6,12,3,9,6,18,22,0,11,17,39.3,"DF,MF"
654,Simone Giordano,"1,146",0,25,72.4,40,45,387,8,12,2022-2023,20,it ITA,Ascoli,it Serie B,18,"1,146",12.7,11,7,19,0,0,0,0,0,0,0,497,686,72.4,8,46,4,3,39,8592,3815,233,264,88.3,212,277,76.5,46,118,39,25,20,4,0,1,0,0,0,0,0,0,0,0,0,387,2064,1045,17,16,0,17,9,460,24,20,9,45,10,50,12,8,6,5,1,8,12,66.7,4,4,1,3,8,20,20,1,8,12,40,DF
655,Federico Melchiorri,656,4,24,37.1,53.4,50,117,3,11,2022-2023,35,it ITA,Perugia,it Serie B,18,656,7.3,5,13,3,3,1,4,2,1,2,1,69,186,37.1,6,13,7,3,16,1014,471,35,70,50,28,75,37.3,3,13,23.1,24,13,0,2,4,4,1,4,1,0,1,0,1,1,117,927,457,18,12,6,21,4,200,55,12,6,50,6,50,11,7,4,6,1,5,9,55.6,4,8,2,6,3,14,9,0,47,41,53.4,FW
656,Patryk Peda,"1,438",0,17,82.8,54.8,46.7,727,35,34,2022-2023,20,pl POL,SPAL,it Serie B,21,"1,438",16,16,5,15,1,0,1,1,0,0,0,895,1081,82.8,2,81,1,0,84,17581,6344,290,328,88.4,509,559,91.1,93,163,57.1,17,15,0,0,1,1,0,0,0,0,0,0,0,0,727,4078,2440,17,17,1,14,3,821,18,15,7,46.7,5,33.3,34,19,23,9,2,25,36,69.4,11,24,14,10,35,69,53,0,34,28,54.8,DF
657,Michael Svoboda,"1,670",2,19,82.3,66.3,57.1,652,37,35,2022-2023,23,at AUT,Venezia,it Serie B,21,"1,670",18.6,17,4,16,0,0,0,0,0,0,0,874,1062,82.3,7,51,5,0,59,17786,6047,283,315,89.8,473,540,87.6,116,178,65.2,19,17,1,0,0,0,1,2,2,0,0,0,0,0,652,3372,2172,24,14,1,10,5,715,5,14,8,57.1,5,35.7,35,17,26,8,1,24,35,68.6,11,30,15,15,37,72,73,1,53,27,66.3,DF
658,Gennaro Tutino,"1,588",2,50,72.6,35.2,47.4,516,4,6,2022-2023,25,it ITA,2 Teams,it Serie B,35,"1,588",17.6,18,17,1,5,2,7,3,2,3,1,401,552,72.6,28,17,28,7,42,6261,1173,224,268,83.6,132,198,66.7,32,46,69.6,50,33,6,3,4,4,0,2,2,0,0,0,0,0,516,2943,1207,58,28,26,48,27,593,172,57,27,47.4,22,38.6,6,3,0,3,3,1,9,11.1,8,15,0,15,4,10,10,0,19,35,35.2,FW
659,Davide Agazzi,"1,662",6,46,85.2,69,50,515,10,44,2022-2023,29,it ITA,Ternana,it Serie B,28,"1,662",18.5,18,10,3,0,2,2,0,0,0,0,650,763,85.2,17,85,16,1,115,11153,3381,300,338,88.8,272,303,89.8,58,80,72.5,46,41,0,0,5,0,0,6,6,0,0,0,0,0,515,2638,1193,25,23,2,26,18,616,60,30,15,50,11,36.7,44,30,18,25,1,17,42,40.5,25,24,6,18,10,54,17,0,20,9,69,MF
660,Devid Bouah,459,0,11,67.3,37.5,59.1,124,2,9,2022-2023,20,it ITA,US Reggina,it Serie B,9,459,5.1,5,4,23,1,0,1,1,0,0,0,134,199,67.3,3,8,5,3,18,2356,944,62,65,95.4,53,76,69.7,17,42,40.5,11,9,1,0,0,1,0,0,0,0,0,0,0,0,124,877,430,13,11,2,11,3,123,14,22,13,59.1,6,27.3,9,4,5,3,1,6,11,54.5,5,3,1,2,2,11,16,0,6,10,37.5,"DF,FW"
661,Mato Jajalo,453,1,14,76.4,46.2,64.3,183,6,5,2022-2023,34,ba BIH,Venezia,it Serie B,7,453,5,6,1,0,0,0,0,0,0,0,0,227,297,76.4,6,29,6,0,44,4203,1497,85,96,88.5,114,141,80.9,22,45,48.9,14,11,0,0,0,3,0,1,0,0,0,0,1,0,183,1127,573,15,6,2,6,4,210,6,14,9,64.3,1,7.1,5,3,1,3,1,2,4,50,2,5,2,3,6,11,16,0,6,7,46.2,MF
662,Giovanni Crociata,"1,418",6,46,69.6,33.3,42.5,436,13,12,2022-2023,24,it ITA,2 Teams,it Serie B,21,"1,418",15.8,18,3,12,6,1,7,6,0,0,0,489,703,69.6,21,67,26,3,100,8687,3367,208,261,79.7,202,267,75.7,62,126,49.2,46,28,11,2,4,1,0,6,4,1,0,0,1,0,436,2447,1196,39,24,7,21,15,537,76,40,17,42.5,21,52.5,12,5,4,6,2,4,13,30.8,9,13,0,13,13,25,23,0,13,26,33.3,"MF,DF"
663,Emanuele Terranova,"1,095",0,6,85.9,44.2,50,289,16,8,2022-2023,35,it ITA,2 Teams,it Serie B,20,"1,095",12.2,11,9,17,0,0,0,0,0,0,0,440,512,85.9,0,11,1,0,15,8513,3378,136,149,91.3,257,278,92.4,40,69,58,6,5,0,0,1,0,0,0,0,0,0,0,0,0,289,1244,621,3,0,0,1,0,361,0,2,1,50,1,50,8,7,6,2,0,3,3,100,0,7,6,1,16,24,56,1,23,29,44.2,DF
664,Francesco Zampano,"2,797",8,99,76.7,47.7,33.7,1057,29,50,2022-2023,28,it ITA,Venezia,it Serie B,33,"2,797",31.1,32,1,0,1,3,4,1,0,0,0,1266,1650,76.7,45,91,50,28,133,23056,7384,615,670,91.8,476,607,78.4,147,266,55.3,99,79,4,7,2,5,2,8,6,1,0,0,1,0,1057,7079,3634,113,73,24,51,27,1180,217,98,33,33.7,47,48,50,31,36,11,3,20,40,50,20,39,6,33,29,79,45,2,21,23,47.7,DF
665,Matthieu Huard,"2,101",3,41,71.1,46.3,60.6,708,26,28,2022-2023,24,fr FRA,Brescia,it Serie B,26,"2,101",23.3,24,2,3,0,1,1,0,0,0,0,926,1302,71.1,24,84,18,14,94,16673,6555,408,478,85.4,401,530,75.7,104,242,43,41,27,10,1,1,2,0,3,3,0,0,0,0,0,708,3432,1736,33,23,2,23,8,838,77,33,20,60.6,12,36.4,28,18,14,11,3,18,28,64.3,10,22,5,17,26,54,57,0,25,29,46.3,DF
666,Fabio Lucioni,"2,721",7,30,77.4,65.5,60,1000,30,32,2022-2023,34,it ITA,Frosinone,it Serie B,31,"2,721",30.2,30,1,2,4,1,5,4,0,0,0,1228,1586,77.4,5,111,7,2,117,28374,12166,267,307,87,694,778,89.2,261,481,54.3,30,24,1,0,1,2,2,7,5,0,0,0,0,2,1000,4621,2338,9,2,0,12,4,1108,4,5,3,60,1,20,32,19,12,20,0,11,18,61.1,7,31,23,8,30,62,134,0,78,41,65.5,DF
667,Roberto Insigne,"1,755",13,92,79.5,36.8,37,729,14,22,2022-2023,28,it ITA,2 Teams,it Serie B,32,"1,755",19.5,20,12,4,8,2,10,7,1,1,0,773,972,79.5,42,54,29,6,84,13090,2982,394,451,87.4,271,325,83.4,85,146,58.2,92,64,13,4,8,0,3,13,8,0,0,4,0,1,729,4199,1722,45,39,17,37,19,880,200,46,17,37,24,52.2,22,12,12,8,2,15,33,45.5,18,15,2,13,14,36,2,0,7,12,36.8,FW
668,Giacomo Beretta,572,1,14,67.3,28.3,33.3,90,0,5,2022-2023,30,it ITA,Cittadella,it Serie B,12,572,6.4,6,6,3,2,2,4,2,0,0,0,66,98,67.3,10,2,3,0,10,867,210,48,60,80,14,23,60.9,2,4,50,14,9,0,2,2,0,1,1,0,0,0,1,0,0,90,349,88,5,2,3,21,7,131,37,9,3,33.3,2,22.2,5,3,1,3,1,2,5,40,3,2,0,2,0,5,4,0,13,33,28.3,FW
669,Paolo Faragò,669,1,11,67.6,45.8,33.3,125,6,25,2022-2023,29,it ITA,2 Teams,it Serie B,17,669,7.4,7,10,13,0,0,0,0,0,0,0,167,247,67.6,3,23,1,0,24,2894,887,67,92,72.8,74,97,76.3,16,35,45.7,11,10,1,0,0,0,0,1,0,1,0,0,0,0,125,577,234,3,5,1,8,6,172,17,6,2,33.3,3,50,25,14,13,10,2,12,24,50,12,15,6,9,6,31,22,0,11,13,45.8,"MF,DF"
670,Luigi Canotto,"2,012",7,56,69.1,28.6,37.8,458,3,8,2022-2023,28,it ITA,US Reggina,it Serie B,37,"2,012",22.4,22,15,1,6,3,9,6,0,0,0,328,475,69.1,14,18,13,8,29,4921,985,192,233,82.4,92,134,68.7,28,58,48.3,56,30,3,12,9,2,0,7,4,1,1,1,0,0,458,3890,1851,64,48,29,73,40,518,181,74,28,37.8,36,48.6,8,4,2,3,3,4,8,50,4,8,2,6,3,11,5,0,6,15,28.6,"FW,MF"
671,Mirko Antonucci,"2,836",9,97,63.8,33.3,32.3,718,14,29,2022-2023,23,it ITA,Cittadella,it Serie B,37,"2,836",31.5,37,0,0,11,1,12,8,3,3,0,498,780,63.8,39,34,29,8,82,6681,1968,318,397,80.1,138,225,61.3,17,56,30.4,97,69,3,7,5,10,3,9,4,0,2,1,2,0,718,4629,2162,94,51,37,102,43,818,246,127,41,32.3,63,49.6,29,17,5,13,11,13,30,43.3,17,15,0,15,14,43,7,0,12,24,33.3,"MF,FW"
672,Leo Štulac,570,3,25,75.1,57.1,42.9,240,3,6,2022-2023,27,si SVN,Palermo,it Serie B,11,570,6.3,7,4,6,0,2,2,0,0,0,0,302,402,75.1,10,53,3,0,63,6277,2105,94,107,87.9,157,184,85.3,49,96,51,25,11,10,1,2,1,0,3,0,2,0,0,1,0,240,1559,939,14,6,1,1,2,282,8,7,3,42.9,3,42.9,6,5,0,2,4,3,6,50,3,2,1,1,3,9,10,0,8,6,57.1,MF
673,Marco Armellino,"1,891",3,41,78.7,51.1,37.5,471,11,32,2022-2023,32,it ITA,Modena,it Serie B,28,"1,891",21,23,5,6,2,1,3,2,0,0,0,572,727,78.7,16,86,10,1,90,8088,2898,328,375,87.5,186,233,79.8,28,53,52.8,41,32,0,3,4,0,2,3,2,0,0,1,0,0,471,2161,1059,28,21,5,26,8,580,48,16,6,37.5,7,43.8,32,21,13,18,1,18,37,48.6,19,12,5,7,11,43,32,0,23,22,51.1,MF
674,Romeo Giovannini,725,1,47,70.7,10.5,37.5,294,4,21,2022-2023,20,it ITA,Modena,it Serie B,22,725,8.1,5,17,16,1,1,2,1,0,0,0,222,314,70.7,20,8,14,3,28,2989,704,145,185,78.4,51,69,73.9,12,22,54.5,47,35,0,4,1,5,2,1,0,0,0,1,0,0,294,1657,692,27,8,11,25,24,337,90,32,12,37.5,12,37.5,21,11,5,8,8,8,22,36.4,14,11,0,11,4,25,3,0,2,17,10.5,MF
675,Paolo Gozzi Iweru,465,0,4,71,35.7,16.7,136,5,14,2022-2023,21,it ITA,Cosenza,it Serie B,12,465,5.2,2,10,0,0,0,0,0,0,0,0,154,217,71,2,11,4,2,10,2559,1089,77,89,86.5,61,84,72.6,13,35,37.1,4,4,0,0,0,0,0,0,0,0,0,0,0,0,136,1049,536,12,6,0,10,4,143,20,12,2,16.7,6,50,14,6,9,5,0,4,5,80,1,1,0,1,5,19,8,0,5,9,35.7,DF
676,Jacopo Da Riva,672,1,25,76.4,36.4,52.4,201,11,24,2022-2023,21,it ITA,Como,it Serie B,20,672,7.5,3,17,6,1,0,1,1,0,0,0,211,276,76.4,6,24,8,2,32,3032,887,115,137,83.9,75,98,76.5,8,13,61.5,25,17,1,3,2,1,1,1,1,0,0,0,0,0,201,1218,569,13,15,2,19,6,207,23,21,11,52.4,9,42.9,24,14,10,11,3,14,18,77.8,4,11,3,8,11,35,5,0,8,14,36.4,MF
677,Nahitan Nández,"2,539",11,116,70.7,48.7,34.1,942,16,52,2022-2023,26,uy URU,Cagliari,it Serie B,33,"2,539",28.2,30,3,0,0,4,4,0,0,0,0,897,1268,70.7,53,84,52,32,141,15571,5444,461,551,83.7,315,418,75.4,100,203,49.3,116,90,9,2,3,12,0,11,9,0,0,1,1,0,942,6500,3627,113,60,21,63,30,1075,232,88,30,34.1,36,40.9,52,34,23,20,9,30,69,43.5,39,26,3,23,16,68,19,0,37,39,48.7,"MF,FW"
678,Luca Moro,"1,807",2,37,66.8,32.3,26.7,361,4,13,2022-2023,21,it ITA,Frosinone,it Serie B,34,"1,807",20.1,23,11,2,6,0,6,6,0,0,0,217,325,66.8,16,16,6,0,29,2815,519,133,175,76,64,99,64.6,4,10,40,37,29,0,1,1,6,0,2,2,0,0,0,0,0,361,1581,523,19,17,11,73,38,469,123,30,8,26.7,17,56.7,13,8,3,8,2,1,4,25,3,13,1,12,4,17,18,0,42,88,32.3,FW
679,Daniele Liotti,897,2,18,61.3,47.4,44.4,183,13,16,2022-2023,28,it ITA,US Reggina,it Serie B,29,897,10,6,23,9,1,1,2,1,0,0,0,211,344,61.3,10,15,9,5,17,3415,1319,114,150,76,63,105,60,21,53,39.6,18,11,5,1,1,0,0,2,2,0,0,0,0,0,183,915,399,14,9,1,24,7,241,39,9,4,44.4,4,44.4,16,11,9,4,3,7,13,53.8,6,11,2,9,13,29,16,0,18,20,47.4,"MF,FW"
680,Paulo Azzi,"2,131",6,58,68.9,50,37.5,764,15,50,2022-2023,28,br BRA,2 Teams,it Serie B,31,"2,131",23.7,23,8,4,2,2,4,2,0,0,0,848,1231,68.9,21,81,28,17,110,14126,6296,458,533,85.9,290,441,65.8,86,183,47,58,42,7,6,2,1,0,6,2,3,0,1,0,0,764,6108,3683,113,58,24,43,16,796,103,80,30,37.5,45,56.3,50,33,27,21,2,29,53,54.7,24,28,6,22,15,65,48,0,18,18,50,DF
681,Francesco Cassata,"1,358",3,22,67.2,45.7,56.5,376,7,36,2022-2023,25,it ITA,2 Teams,it Serie B,27,"1,358",15.1,17,10,6,0,2,2,0,0,0,0,356,530,67.2,8,44,8,2,60,5874,2077,184,227,81.1,132,193,68.4,32,68,47.1,22,19,2,0,0,1,0,3,2,0,0,0,1,0,376,2209,975,26,19,0,37,28,428,66,46,26,56.5,16,34.8,36,19,16,9,11,18,34,52.9,16,7,2,5,7,43,7,0,16,19,45.7,MF
682,Luca Belardinelli,"1,838",4,34,73.9,50.5,34.3,399,23,46,2022-2023,21,it ITA,Südtirol,it Serie B,27,"1,838",20.4,22,5,0,2,2,4,2,0,0,0,502,679,73.9,14,52,7,4,69,8701,2541,239,301,79.4,197,251,78.5,52,81,64.2,34,30,0,2,2,0,0,4,4,0,0,0,0,0,399,2218,978,25,16,5,16,19,512,39,35,12,34.3,20,57.1,46,20,18,23,5,20,53,37.7,33,20,5,15,23,69,40,0,49,48,50.5,MF
683,Fabio Gerli,"2,989",2,73,85.7,31.6,59.2,1176,47,59,2022-2023,25,it ITA,Modena,it Serie B,35,"2,989",33.2,35,0,0,2,1,3,2,0,0,0,1493,1743,85.7,33,214,25,1,237,26440,9284,643,728,88.3,650,716,90.8,151,203,74.4,73,55,9,5,0,2,2,2,2,0,0,0,0,0,1176,8147,4610,90,53,12,41,21,1261,28,71,42,59.2,20,28.2,59,36,29,26,4,21,53,39.6,32,35,5,30,47,106,33,0,6,13,31.6,MF
684,Francesco Gelli,706,2,15,84.9,48,60,311,2,9,2022-2023,25,it ITA,Frosinone,it Serie B,10,706,7.8,8,2,6,0,1,1,0,0,0,0,383,451,84.9,7,40,5,3,31,5982,1471,202,218,92.7,141,166,84.9,27,45,60,15,13,1,1,0,0,0,2,2,0,0,0,0,0,311,1349,623,14,9,0,4,7,362,17,10,6,60,2,20,9,6,5,4,0,0,1,0,1,5,1,4,2,11,10,0,12,13,48,MF
685,Davide Merola,730,3,23,75.7,7.1,32.1,175,6,6,2022-2023,22,it ITA,Cosenza,it Serie B,14,730,8.1,9,5,6,1,1,2,1,0,0,0,128,169,75.7,10,13,5,1,16,2033,472,68,77,88.3,38,44,86.4,14,26,53.8,23,18,0,1,1,2,1,3,3,0,0,0,0,0,175,1077,472,15,12,0,21,14,185,43,28,9,32.1,12,42.9,6,1,3,2,1,3,8,37.5,5,11,3,8,6,12,10,0,1,13,7.1,"MF,FW"
686,Antonio Caracciolo,903,0,6,75.1,70.6,100,183,19,19,2022-2023,32,it ITA,Pisa,it Serie B,11,903,10,10,1,6,0,0,0,0,0,0,0,269,358,75.1,1,21,0,0,15,5575,2247,82,107,76.6,138,162,85.2,47,78,60.3,6,6,0,0,0,0,0,0,0,0,0,0,0,0,183,881,460,2,4,2,3,3,229,2,2,2,100,0,0,19,9,13,6,0,7,12,58.3,5,19,11,8,19,38,56,0,24,10,70.6,DF
687,Filippo De Col,"2,558",4,51,67,40.3,31.3,543,19,26,2022-2023,28,it ITA,Südtirol,it Serie B,36,"2,558",28.4,32,4,2,1,2,3,1,0,0,0,712,1062,67,23,76,29,23,72,13697,5677,302,355,85.1,298,415,71.8,103,241,42.7,51,43,6,0,2,0,0,4,3,0,0,1,0,0,543,2733,1371,40,25,2,15,3,706,100,16,5,31.3,9,56.3,26,18,20,4,2,12,25,48,13,8,2,6,19,45,66,0,25,37,40.3,"DF,MF"
688,Fabio Ponsi,"1,643",3,36,72.6,44.7,65,565,45,30,2022-2023,21,it ITA,Modena,it Serie B,25,"1,643",18.3,16,9,9,0,1,1,0,0,0,0,715,985,72.6,18,62,31,21,72,11450,5009,377,434,86.9,267,371,72,55,127,43.3,36,29,3,3,0,1,0,3,3,0,0,0,0,0,565,2486,1093,37,24,6,20,14,633,72,20,13,65,6,30,30,19,16,9,5,15,30,50,15,27,3,24,45,75,62,0,21,26,44.7,DF
689,Alessandro Mallamo,856,1,11,86.2,16.7,25,266,22,18,2022-2023,23,it ITA,Bari,it Serie B,27,856,9.5,6,21,10,0,0,0,0,0,0,0,299,347,86.2,4,31,4,0,30,4754,1001,157,170,92.4,117,135,86.7,18,24,75,11,7,0,0,1,1,2,1,0,0,0,0,1,0,266,1498,691,15,14,2,29,11,307,18,16,4,25,9,56.3,18,11,13,4,1,5,15,33.3,10,14,4,10,22,40,6,0,2,10,16.7,"MF,FW"
690,Davide Diaw,"1,924",4,65,54.9,45.8,38.2,339,1,16,2022-2023,30,it ITA,Modena,it Serie B,29,"1,924",21.4,24,5,0,10,1,11,7,3,4,1,169,308,54.9,18,13,9,0,28,2427,498,89,148,60.1,63,101,62.4,7,16,43.8,65,34,0,12,6,10,3,4,1,0,1,0,1,1,339,1914,764,31,18,23,59,27,451,153,68,26,38.2,35,51.5,16,8,5,8,3,8,22,36.4,14,17,0,17,1,17,22,0,55,65,45.8,FW
691,Przemysław Szymiński,"1,189",1,11,81.9,48.4,0,341,13,13,2022-2023,28,pl POL,Frosinone,it Serie B,15,"1,189",13.2,14,1,16,1,0,1,1,0,0,0,452,552,81.9,2,30,1,0,27,9296,3401,124,148,83.8,276,304,90.8,49,86,57,11,10,0,0,1,0,0,1,0,0,0,1,0,0,341,1440,587,1,2,1,3,2,378,1,1,0,0,1,100,13,7,6,7,0,6,9,66.7,3,21,13,8,13,26,57,0,30,32,48.4,DF
692,Luca Fiordilino,"1,559",0,37,81.1,52.9,42.9,406,20,48,2022-2023,26,it ITA,2 Teams,it Serie B,30,"1,559",17.3,17,13,4,0,0,0,0,0,0,0,686,846,81.1,15,56,7,1,93,12274,3123,306,342,89.5,273,319,85.6,86,136,63.2,37,25,8,0,0,3,1,0,0,0,0,0,0,0,406,1693,640,4,9,0,15,11,561,6,14,6,42.9,4,28.6,48,28,25,18,5,26,44,59.1,18,24,3,21,20,68,22,1,18,16,52.9,MF
693,Antonio Pergreffi,"2,756",2,13,77.6,57,33.3,639,56,31,2022-2023,34,it ITA,Modena,it Serie B,31,"2,756",30.6,31,0,1,2,1,3,2,0,0,0,846,1090,77.6,3,52,5,0,62,16375,7660,292,330,88.5,444,519,85.5,95,199,47.7,13,8,1,0,4,0,0,2,1,0,0,1,0,0,639,2945,1468,7,2,0,11,3,690,3,6,2,33.3,2,33.3,31,19,16,14,1,19,29,65.5,10,42,26,16,56,87,133,2,86,65,57,DF
694,Adrian Rus,"1,016",0,5,81.5,49.1,0,370,14,13,2022-2023,26,ro ROU,Pisa,it Serie B,16,"1,016",11.3,12,4,19,0,0,0,0,0,0,0,486,596,81.5,2,22,2,0,33,11031,4313,112,123,91.1,290,318,91.2,83,142,58.5,5,5,0,0,0,0,0,0,0,0,0,0,0,0,370,2079,1183,4,3,0,2,2,434,0,1,0,0,0,0,13,13,8,5,0,9,12,75,3,7,5,2,14,27,44,0,27,28,49.1,DF
695,Ahmad Benali,"1,060",0,21,82.1,48.6,34.8,453,20,37,2022-2023,30,ly LBY,2 Teams,it Serie B,25,"1,060",11.8,9,16,4,0,0,0,0,0,0,0,570,694,82.1,8,41,5,0,50,10464,2625,258,290,89,223,245,91,74,125,59.2,21,14,2,0,3,1,1,0,0,0,0,0,0,0,453,1980,832,16,14,4,18,16,541,55,23,8,34.8,13,56.5,37,25,16,17,4,16,32,50,16,14,3,11,20,57,14,0,18,19,48.6,MF
696,Federico Giraudo,"1,709",3,36,77.2,60.6,50,589,26,33,2022-2023,23,it ITA,2 Teams,it Serie B,28,"1,709",19,19,9,9,0,1,1,0,0,0,0,845,1095,77.2,15,64,25,20,84,14539,6066,424,481,88.1,312,387,80.6,93,173,53.8,36,31,4,0,0,1,0,3,3,0,0,0,0,0,589,3308,1736,40,33,2,19,11,655,70,22,11,50,7,31.8,33,20,21,7,5,13,36,36.1,23,19,7,12,26,59,47,0,40,26,60.6,DF
697,Marcin Listkowski,670,2,22,67.1,30,46.2,167,7,8,2022-2023,24,pl POL,Brescia,it Serie B,12,670,7.4,9,3,2,1,0,1,1,0,0,0,157,234,67.1,8,15,9,3,23,2456,659,87,109,79.8,58,73,79.5,7,24,29.2,22,12,4,2,3,1,0,2,2,0,0,0,0,0,167,1249,669,23,14,2,10,7,188,29,26,12,46.2,7,26.9,8,6,1,4,3,3,9,33.3,6,4,1,3,7,15,2,0,3,7,30,MF
698,Diego Falcinelli,"2,283",9,63,71.6,38.2,34.4,629,3,21,2022-2023,31,it ITA,Modena,it Serie B,33,"2,283",25.4,29,4,2,6,4,10,4,2,2,0,439,613,71.6,23,30,9,1,48,5817,1097,268,335,80,118,157,75.2,20,29,69,63,46,0,5,3,8,1,9,5,0,0,2,2,0,629,3551,1479,49,23,17,75,87,746,234,93,32,34.4,45,48.4,21,11,8,5,8,9,25,36,16,31,6,25,3,24,25,1,50,81,38.2,"MF,FW"
699,Roko Jureškin,515,2,16,57.9,36.4,40,124,0,8,2022-2023,21,hr CRO,2 Teams,it Serie B,10,515,5.7,5,5,27,0,0,0,0,0,0,0,146,252,57.9,6,7,4,3,15,3266,1136,48,65,73.8,54,93,58.1,42,81,51.9,16,3,8,0,4,0,1,2,1,0,0,1,0,0,124,680,244,7,1,0,13,4,149,35,5,2,40,2,40,8,5,3,1,4,4,10,40,6,4,1,3,0,8,14,0,8,14,36.4,"DF,MF"
700,Magnus Kofod Andersen,"1,174",7,39,77.5,28.6,18.8,359,13,30,2022-2023,23,dk DEN,Venezia,it Serie B,26,"1,174",13,15,11,11,0,4,4,0,0,0,0,403,520,77.5,23,43,11,2,61,7637,2238,146,173,84.4,197,232,84.9,48,88,54.5,39,18,20,0,0,1,0,7,4,3,0,0,0,0,359,1561,814,16,12,2,15,7,404,31,16,3,18.8,10,62.5,30,20,17,7,6,18,30,60,12,9,3,6,13,43,18,0,4,10,28.6,MF
701,Lorenzo Carfora,413,1,20,67.4,19,40,100,2,6,2022-2023,16,it ITA,Benevento,it Serie B,8,413,4.6,3,5,4,0,0,0,0,0,0,0,64,95,67.4,8,3,5,3,8,999,232,34,42,81,19,29,65.5,8,14,57.1,20,12,1,3,1,3,0,1,0,0,0,1,0,0,100,559,241,11,4,6,14,9,121,37,10,4,40,5,50,6,4,3,1,2,1,4,25,3,5,0,5,2,8,1,0,4,17,19,"FW,MF"
702,Patrick Cutrone,"2,303",5,68,68.4,25,42.1,403,13,20,2022-2023,24,it ITA,Como,it Serie B,35,"2,303",25.6,29,6,0,9,2,11,8,1,1,0,324,474,68.4,26,25,20,8,41,4643,1116,191,242,78.9,93,130,71.5,21,42,50,68,54,0,4,4,3,3,5,4,0,1,0,0,0,403,2098,743,34,21,15,63,27,502,184,38,16,42.1,17,44.7,20,16,5,8,7,8,20,40,12,7,0,7,13,33,13,0,20,60,25,FW
703,Marius Marin,"2,481",6,44,74.2,39.7,28.9,586,41,75,2022-2023,23,ro ROU,Pisa,it Serie B,33,"2,481",27.6,29,4,0,1,0,1,1,0,0,0,741,998,74.2,10,110,25,8,120,13098,4522,346,427,81,292,374,78.1,87,149,58.4,44,26,4,2,3,6,3,6,3,1,0,1,1,0,586,3383,1876,40,34,3,23,12,687,43,45,13,28.9,25,55.6,75,43,33,30,12,38,87,43.7,49,33,4,29,41,116,49,0,31,47,39.7,MF
704,Samuele Damiani,"1,056",2,24,82.1,44.4,54.5,375,9,38,2022-2023,24,it ITA,Palermo,it Serie B,27,"1,056",11.7,11,16,11,0,1,1,0,0,0,0,513,625,82.1,8,76,9,1,68,9499,2663,209,232,90.1,241,272,88.6,55,101,54.5,24,22,0,1,0,1,0,2,2,0,0,0,0,0,375,2395,1306,24,14,0,9,12,464,14,11,6,54.5,2,18.2,38,20,14,24,0,12,23,52.2,11,8,4,4,9,47,13,0,12,15,44.4,MF
705,Simon Sohm,"1,368",6,42,82.2,34.9,36.4,413,5,25,2022-2023,21,ch SUI,Parma,it Serie B,27,"1,368",15.2,16,11,7,0,3,3,0,0,0,0,493,600,82.2,22,65,17,1,88,7781,2038,262,303,86.5,184,220,83.6,32,39,82.1,42,37,1,1,2,1,0,6,5,0,0,0,1,0,413,2224,1194,33,29,11,18,13,552,97,22,8,36.4,11,50,25,11,8,10,7,12,20,60,8,13,2,11,5,30,8,0,15,28,34.9,"MF,FW"
706,Federico Dionisi,"1,670",7,69,66.2,32.9,32,351,2,19,2022-2023,35,it ITA,Ascoli,it Serie B,33,"1,670",18.6,19,14,0,5,3,8,3,2,2,0,280,423,66.2,26,28,17,4,45,4262,1179,165,215,76.7,84,119,70.6,19,39,48.7,69,35,9,6,10,9,0,7,3,0,1,2,1,0,351,1854,842,33,22,13,51,47,488,134,50,16,32,28,56,19,10,5,10,4,4,14,28.6,10,25,0,25,2,21,7,0,27,55,32.9,FW
707,Nicolas Galazzi,"1,416",7,52,68,20,38.9,422,6,16,2022-2023,21,it ITA,Brescia,it Serie B,27,"1,416",15.7,16,11,5,2,4,6,2,0,0,0,396,582,68,31,37,20,11,40,7033,1662,182,218,83.5,148,191,77.5,50,120,41.7,52,31,13,1,2,5,0,7,5,1,0,1,0,0,422,1996,955,21,31,3,42,24,519,109,36,14,38.9,15,41.7,16,10,6,6,4,8,31,25.8,23,23,4,19,6,22,6,0,7,28,20,"MF,FW"
708,Andrija Novakovich,"1,062",4,37,65.6,53.1,39.3,194,1,7,2022-2023,25,us USA,Venezia,it Serie B,35,"1,062",11.8,8,27,3,1,1,2,1,0,0,0,143,218,65.6,13,11,5,0,26,1685,498,97,133,72.9,30,55,54.5,3,5,60,37,23,0,3,6,4,1,4,1,0,1,2,0,0,194,1053,433,20,8,13,38,28,281,80,28,11,39.3,12,42.9,7,5,1,4,2,0,3,0,3,8,1,7,1,8,10,0,52,46,53.1,FW
709,Mattia Finotto,"1,089",1,24,63,29.3,27.8,153,2,6,2022-2023,29,it ITA,2 Teams,it Serie B,29,"1,089",12.1,10,19,5,1,1,2,1,0,0,0,121,192,63,12,3,1,1,7,1688,373,79,107,73.8,30,47,63.8,6,11,54.5,24,18,0,2,1,3,0,1,1,0,0,0,0,0,153,809,292,15,9,6,31,8,211,70,18,5,27.8,8,44.4,6,4,3,2,1,3,4,75,1,5,0,5,2,8,9,0,17,41,29.3,FW
710,Adam Obert,"2,066",0,38,80.9,63,64.7,832,24,20,2022-2023,19,sk SVK,Cagliari,it Serie B,29,"2,066",23,23,6,7,0,1,1,0,0,0,0,1066,1317,80.9,15,73,7,3,86,22858,7888,315,362,87,544,627,86.8,194,281,69,38,30,2,2,4,0,0,0,0,0,0,0,0,0,832,3994,2174,27,22,2,21,10,940,22,17,11,64.7,5,29.4,20,8,8,10,2,12,23,52.2,11,34,15,19,24,44,74,0,68,40,63,DF
711,Giorgio Altare,"1,921",0,14,77.9,61.6,0,813,34,36,2022-2023,23,it ITA,Cagliari,it Serie B,26,"1,921",21.3,21,5,9,1,0,1,1,0,0,0,1016,1305,77.9,10,91,6,1,88,22247,8581,270,314,86,554,648,85.5,183,309,59.2,14,11,1,0,2,0,0,0,0,0,0,0,0,0,813,3224,1636,14,8,0,7,3,951,7,2,0,0,1,50,36,25,24,10,2,19,23,82.6,4,22,13,9,34,70,93,1,69,43,61.6,DF
712,Tanner Tessmann,"2,436",4,57,79.2,55,38.6,938,22,53,2022-2023,20,us USA,Venezia,it Serie B,32,"2,436",27.1,27,5,4,3,2,5,3,0,0,0,1092,1379,79.2,27,155,19,5,146,22217,5697,394,450,87.6,504,581,86.7,174,284,61.3,57,44,5,3,3,2,0,4,2,0,1,1,0,0,938,5031,2415,33,25,1,45,28,1140,61,57,22,38.6,25,43.9,53,25,21,24,8,26,48,54.2,22,23,5,18,22,75,51,1,33,27,55,MF
713,Matteo Brunori,"3,004",9,76,59.3,36.2,35.2,488,4,9,2022-2023,27,it ITA,Palermo,it Serie B,36,"3,004",33.4,35,1,0,17,4,21,13,4,8,4,281,474,59.3,30,24,14,2,45,4319,820,149,206,72.3,98,154,63.6,19,41,46.3,76,47,0,10,10,9,0,9,6,0,1,1,1,0,488,3141,1259,55,29,44,61,45,619,179,88,31,35.2,46,52.3,9,4,2,4,3,6,14,42.9,8,14,4,10,4,13,27,0,42,74,36.2,FW
714,Cristian Dell'Orco,"1,755",0,23,67.4,56.4,62.5,327,31,28,2022-2023,28,it ITA,Perugia,it Serie B,21,"1,755",19.5,21,0,2,0,1,1,0,0,0,0,517,767,67.4,12,54,8,6,71,10985,5347,157,187,84,272,371,73.3,82,171,48,23,15,5,1,1,0,1,0,0,0,0,0,0,0,327,1637,825,10,2,1,11,9,343,23,8,5,62.5,3,37.5,28,22,11,14,3,13,16,81.3,3,31,17,14,31,59,66,0,44,34,56.4,DF
715,Gabriel Lunetta,455,1,16,59.7,40,52.6,113,5,12,2022-2023,25,it ITA,Südtirol,it Serie B,12,455,5.1,3,9,0,0,0,0,0,0,0,0,74,124,59.7,5,9,6,3,11,1377,503,36,47,76.6,24,36,66.7,11,26,42.3,16,7,1,4,2,2,0,1,0,0,0,1,0,0,113,1027,600,21,14,4,16,5,117,41,19,10,52.6,9,47.4,12,7,9,1,2,8,19,42.1,11,6,1,5,5,17,11,0,4,6,40,"MF,DF"
716,Franco Carboni,463,1,5,72.2,66.7,41.7,166,2,12,2022-2023,19,it ITA,Cagliari,it Serie B,13,463,5.1,5,8,8,0,1,1,0,0,0,0,223,309,72.2,2,14,3,3,19,3850,1163,104,124,83.9,98,124,79,18,46,39.1,5,2,0,1,2,0,0,1,1,0,0,0,0,0,166,1000,602,15,14,2,9,6,202,11,12,5,41.7,5,41.7,12,8,8,4,0,9,16,56.3,7,6,0,6,2,14,14,0,12,6,66.7,DF
717,Alexander Jallow,"1,604",2,40,73,57.9,33.3,495,20,39,2022-2023,24,se SWE,Brescia,it Serie B,21,"1,604",17.8,17,4,9,1,0,1,1,0,0,0,741,1015,73,14,46,16,8,63,12197,5072,370,425,87.1,303,407,74.4,54,133,40.6,40,31,4,1,3,0,1,2,1,0,0,1,0,0,495,2286,1108,26,19,3,15,7,626,73,18,6,33.3,11,61.1,39,23,19,17,3,21,33,63.6,12,18,6,12,20,59,47,0,22,16,57.9,DF
718,Zito Luvumbo,"1,560",7,71,61,10.7,36.6,468,1,22,2022-2023,20,ao ANG,Cagliari,it Serie B,36,"1,560",17.3,15,21,1,3,2,5,3,0,0,0,256,420,61,22,12,21,12,39,4128,1142,144,177,81.4,90,149,60.4,20,57,35.1,71,43,3,6,5,13,1,7,3,0,2,0,2,0,468,3589,1830,70,54,42,66,37,532,202,82,30,36.6,34,41.5,22,13,7,9,6,5,18,27.8,13,12,0,12,1,23,3,0,3,25,10.7,"FW,MF"
719,Rubén Botta,"1,377",6,96,77.8,35.7,43.2,665,3,32,2022-2023,32,ar ARG,Bari,it Serie B,25,"1,377",15.3,17,8,13,2,3,5,1,1,1,0,652,838,77.8,48,96,29,8,126,12037,3985,275,322,85.4,275,338,81.4,89,137,65,96,67,18,9,1,1,0,6,6,0,0,0,0,0,665,4470,2258,69,50,14,35,24,768,118,74,32,43.2,37,50,32,20,18,13,1,19,35,54.3,16,17,2,15,3,35,4,0,5,9,35.7,"MF,FW"
720,Hans Nicolussi Caviglia,"1,401",1,43,72.9,36,45.2,337,21,45,2022-2023,22,it ITA,Südtirol,it Serie B,17,"1,401",15.6,17,0,1,2,0,2,2,0,0,0,407,558,72.9,20,69,4,0,71,9239,2815,129,155,83.2,174,209,83.3,99,162,61.1,43,27,12,1,2,1,0,1,0,0,0,1,0,0,337,1573,706,13,11,1,19,21,380,16,31,14,45.2,14,45.2,45,24,23,20,2,27,40,67.5,13,16,4,12,21,66,24,0,9,16,36,MF
721,Yeferson Paz,"1,431",0,19,53.4,39.1,25,333,18,38,2022-2023,20,co COL,Perugia,it Serie B,26,"1,431",15.9,15,11,9,0,0,0,0,0,0,0,282,528,53.4,8,34,10,2,48,5320,2464,118,163,72.4,119,213,55.9,35,105,33.3,19,15,2,1,1,0,0,0,0,0,0,0,0,0,333,2305,1074,28,22,3,31,13,329,56,32,8,25,22,68.8,38,25,22,15,1,24,36,66.7,12,21,3,18,18,56,35,0,18,28,39.1,DF
722,Tommaso Milanese,558,0,17,81.6,27.3,52.2,168,2,8,2022-2023,20,it ITA,Venezia,it Serie B,10,558,6.2,6,4,6,1,0,1,1,0,0,0,186,228,81.6,6,25,8,2,32,3104,854,93,109,85.3,75,84,89.3,14,25,56,17,13,0,2,1,1,0,0,0,0,0,0,0,0,168,1048,465,9,10,2,12,9,210,21,23,12,52.2,8,34.8,8,4,4,2,2,4,9,44.4,5,7,2,5,2,10,9,0,3,8,27.3,MF
723,Andrea Magrassi,959,2,28,54.9,54.1,25,178,2,2,2022-2023,29,it ITA,Cittadella,it Serie B,26,959,10.7,8,18,2,1,1,2,1,0,1,1,145,264,54.9,16,12,7,1,21,1879,444,96,152,63.2,36,72,50,5,9,55.6,28,23,0,0,3,2,0,2,2,0,0,0,0,0,178,979,342,18,6,9,22,18,287,80,8,2,25,5,62.5,2,1,1,1,0,1,3,33.3,2,8,0,8,2,4,9,0,59,50,54.1,FW
724,Alessandro Mattioli,665,0,13,58.2,25,57.1,159,7,14,2022-2023,24,it ITA,Cittadella,it Serie B,14,665,7.4,7,7,22,0,0,0,0,0,0,0,217,373,58.2,5,25,10,4,30,4180,2334,85,105,81,109,166,65.7,21,82,25.6,13,7,5,0,1,0,0,0,0,0,0,0,0,0,159,994,492,14,11,3,4,2,201,25,7,4,57.1,3,42.9,14,6,5,6,3,9,18,50,9,8,0,8,7,21,18,0,2,6,25,DF
725,Luca Magnino,"2,822",10,67,78.5,47.1,30,748,37,53,2022-2023,24,it ITA,Modena,it Serie B,36,"2,822",31.4,31,5,1,4,2,6,4,0,0,0,877,1117,78.5,25,112,19,5,128,12988,4367,519,601,86.4,272,341,79.8,57,90,63.3,67,54,2,1,4,3,3,10,6,1,0,1,1,1,748,3286,1451,27,22,2,53,23,862,80,30,9,30,15,50,53,33,22,22,9,29,67,43.3,38,34,5,29,37,90,43,0,48,54,47.1,MF
726,Andrea Poli,407,0,5,86.6,33.3,46.7,134,5,10,2022-2023,32,it ITA,Modena,it Serie B,11,407,4.5,7,4,3,0,1,1,0,0,0,0,155,179,86.6,4,16,2,0,18,2303,635,79,87,90.8,59,63,93.7,7,8,87.5,5,5,0,0,0,0,0,0,0,0,0,0,0,0,134,652,233,4,4,1,6,6,136,6,15,7,46.7,6,40,10,4,6,2,2,6,7,85.7,1,14,0,14,5,15,4,0,3,6,33.3,MF
727,Vasilios Zagaritis,502,0,12,68.8,42.9,39.1,179,6,18,2022-2023,21,gr GRE,Parma,it Serie B,13,502,5.6,3,10,18,0,0,0,0,0,0,0,205,298,68.8,8,23,8,2,32,3256,1365,116,135,85.9,75,114,65.8,11,33,33.3,12,12,0,0,0,0,0,0,0,0,0,0,0,0,179,1058,564,16,6,1,8,3,193,50,23,9,39.1,12,52.2,18,11,12,5,1,5,8,62.5,3,7,0,7,6,24,11,0,12,16,42.9,"DF,FW"
728,Marcus Rohdén,"2,256",13,73,73.9,41.1,30.8,600,20,34,2022-2023,31,se SWE,Frosinone,it Serie B,33,"2,256",25.1,28,5,1,3,6,9,3,0,0,0,675,913,73.9,33,67,23,8,96,10397,3060,358,438,81.7,258,327,78.9,38,83,45.8,73,60,0,2,4,5,2,13,9,0,1,1,1,1,600,3024,1532,46,36,7,61,16,803,152,26,8,30.8,12,46.2,34,17,11,17,6,13,36,36.1,23,24,4,20,20,54,30,0,23,33,41.1,"MF,FW"
729,Francesco Di Tacchio,"2,893",2,38,78.5,57.7,54.2,781,60,74,2022-2023,32,it ITA,Ternana,it Serie B,35,"2,893",32.1,35,0,0,1,0,1,1,0,0,0,1126,1435,78.5,8,145,12,0,180,20433,7283,509,590,86.3,465,557,83.5,130,232,56,38,28,2,1,3,4,0,2,2,0,0,0,0,0,781,3511,1659,20,14,2,21,12,902,17,24,13,54.2,3,12.5,74,47,38,34,2,36,60,60,24,47,23,24,60,134,65,0,64,47,57.7,MF
730,Andrea Meroni,"1,787",0,12,78,61.2,33.3,534,18,23,2022-2023,25,it ITA,Cosenza,it Serie B,23,"1,787",19.9,20,3,14,1,0,1,1,0,0,0,700,897,78,4,34,1,0,53,13941,5168,202,253,79.8,421,479,87.9,75,148,50.7,12,9,0,0,3,0,0,0,0,0,0,0,0,0,534,3308,2209,29,7,1,3,2,636,2,3,1,33.3,1,33.3,23,17,14,8,1,12,16,75,4,29,23,6,18,41,113,0,71,45,61.2,DF
731,Marko Rog,"1,038",3,34,82.2,28.6,55,357,7,21,2022-2023,27,hr CRO,Cagliari,it Serie B,21,"1,038",11.5,14,7,4,1,1,2,1,0,0,0,439,534,82.2,9,55,4,0,45,7398,1891,224,252,88.9,157,190,82.6,45,62,72.6,34,22,1,2,6,3,0,3,2,0,0,0,1,0,357,1886,950,18,20,3,18,11,444,28,20,11,55,7,35,21,13,9,11,1,13,27,48.1,14,11,1,10,7,28,10,0,4,10,28.6,MF
732,Michele Collocolo,"3,084",13,93,72,52.5,53.1,756,36,89,2022-2023,22,it ITA,Ascoli,it Serie B,36,"3,084",34.3,36,0,0,4,6,10,4,0,0,0,827,1148,72,46,87,32,14,111,14631,3801,398,486,81.9,316,429,73.7,94,161,58.4,93,68,2,13,6,3,1,13,8,0,3,2,0,0,756,5434,2733,82,65,12,45,31,878,141,64,34,53.1,22,34.4,89,52,45,39,5,25,53,47.2,28,27,3,24,36,125,39,0,52,47,52.5,MF
733,Albert Guðmundsson,"2,696",13,151,77.9,23.5,50.7,922,14,19,2022-2023,25,is ISL,Genoa,it Serie B,36,"2,696",30,32,4,0,11,4,15,11,0,0,0,858,1101,77.9,63,81,27,6,132,13720,3609,458,527,86.9,286,349,81.9,79,138,57.2,151,89,21,17,9,15,0,13,6,1,3,0,3,0,922,7173,3456,125,81,40,86,57,1064,221,138,70,50.7,49,35.5,19,11,7,9,3,10,44,22.7,34,17,1,16,14,33,7,0,8,26,23.5,"FW,MF"
734,Michele Rigione,"2,350",0,19,81.7,53.5,50,702,28,27,2022-2023,31,it ITA,Cosenza,it Serie B,27,"2,350",26.1,26,1,5,2,0,2,2,0,0,0,924,1131,81.7,9,41,3,1,37,22871,9117,147,175,84,532,581,91.6,240,355,67.6,19,16,0,0,3,0,0,0,0,0,0,0,0,0,702,2666,1181,2,3,2,9,1,798,4,4,2,50,2,50,27,15,20,7,0,11,15,73.3,4,29,23,6,28,55,100,1,38,33,53.5,DF
735,Nermin Karic,"2,328",3,64,78.3,57.6,54.3,795,16,50,2022-2023,23,se SWE,Benevento,it Serie B,33,"2,328",25.9,28,5,4,0,1,1,0,0,0,0,888,1134,78.3,25,109,17,8,130,14953,3943,420,491,85.5,371,447,83,74,123,60.2,64,52,2,4,4,2,0,3,3,0,0,0,0,0,795,4017,1793,51,39,10,41,34,941,118,46,25,54.3,17,37,50,27,24,21,5,22,39,56.4,17,19,5,14,16,66,14,0,19,14,57.6,MF
736,Cristian Ansaldi,"1,054",4,47,71.6,50,39.4,358,9,27,2022-2023,35,ar ARG,Parma,it Serie B,21,"1,054",11.7,13,8,3,1,2,3,1,0,0,0,411,574,71.6,24,42,17,8,62,7923,3600,176,201,87.6,165,225,73.3,65,129,50.4,47,27,14,2,0,2,2,4,3,1,0,0,0,0,358,1978,950,26,15,7,9,8,383,61,33,13,39.4,18,54.5,27,16,11,9,7,15,27,55.6,12,10,1,9,9,36,16,0,8,8,50,"DF,FW"
737,Davide Marsura,642,1,23,72.5,34.6,31.8,218,1,12,2022-2023,28,it ITA,2 Teams,it Serie B,23,642,7.1,3,20,4,4,1,5,3,1,1,0,171,236,72.5,13,18,6,5,23,2487,618,98,117,83.8,57,73,78.1,9,22,40.9,23,18,1,0,2,2,0,1,1,0,0,0,0,0,218,1630,826,40,17,5,31,16,246,73,22,7,31.8,9,40.9,12,5,1,9,2,2,9,22.2,7,6,0,6,1,13,4,0,9,17,34.6,"FW,MF"
738,Aurélien Scheidler,843,5,20,59.1,57.6,55,162,1,8,2022-2023,24,fr FRA,Bari,it Serie B,19,843,9.4,8,11,11,3,2,5,3,0,0,0,117,198,59.1,10,7,1,0,10,1543,253,74,114,64.9,31,55,56.4,4,7,57.1,20,11,0,3,3,2,1,5,1,0,2,0,1,1,162,852,281,12,4,9,30,12,244,78,20,11,55,8,40,8,6,3,2,3,4,6,66.7,2,10,2,8,1,9,13,0,38,28,57.6,FW
739,Pasquale Schiattarella,"1,861",5,70,81.4,70,45.8,792,27,41,2022-2023,35,it ITA,Benevento,it Serie B,28,"1,861",20.7,23,5,3,0,1,1,0,0,0,0,1060,1302,81.4,30,140,18,3,168,18492,6099,471,538,87.5,471,551,85.5,90,148,60.8,70,51,6,2,1,10,0,5,5,0,0,0,0,0,792,3714,2115,46,31,5,27,9,932,31,24,11,45.8,6,25,41,22,17,19,5,15,33,45.5,18,19,4,15,27,68,41,0,21,9,70,MF
740,Woyo Coulibaly,833,1,12,81.8,57.9,60,264,15,22,2022-2023,23,fr FRA,Parma,it Serie B,18,833,9.3,8,10,15,1,1,2,1,0,0,0,364,445,81.8,4,29,6,2,31,5602,2075,196,216,90.7,148,184,80.4,15,32,46.9,12,9,0,3,0,0,0,1,1,0,0,0,0,0,264,1736,1072,33,13,7,12,8,304,44,25,15,60,7,28,22,9,13,6,3,11,14,78.6,3,6,1,5,15,37,14,0,11,8,57.9,"DF,FW"
741,Žan Majer,"2,437",7,68,80.3,37.1,60,713,27,54,2022-2023,30,si SVN,US Reggina,it Serie B,31,"2,437",27.1,30,1,1,1,3,4,1,0,0,0,970,1208,80.3,26,125,16,2,153,18712,5423,406,452,89.8,385,446,86.3,166,246,67.5,68,46,14,1,6,1,0,7,4,2,0,1,0,0,713,4194,1936,33,23,3,20,17,838,42,20,12,60,6,30,54,33,26,23,5,23,52,44.2,29,23,6,17,27,81,25,1,13,22,37.1,MF
742,Ernesto Torregrossa,"1,025",6,25,55,40.3,37,223,1,3,2022-2023,30,ve VEN,Pisa,it Serie B,24,"1,025",11.4,14,10,2,6,2,8,2,4,4,0,121,220,55,7,23,8,0,27,1894,603,60,89,67.4,32,67,47.8,16,26,61.5,25,15,0,1,2,7,0,6,3,0,0,0,3,0,223,979,363,14,12,5,43,28,280,60,27,10,37,10,37,3,0,0,2,1,1,11,9.1,10,9,2,7,1,4,10,0,31,46,40.3,"FW,MF"
743,Alessandro Cortinovis,436,3,13,73.5,14.3,50,113,2,11,2022-2023,21,it ITA,Cosenza,it Serie B,12,436,4.8,5,7,5,0,1,1,0,0,0,0,111,151,73.5,4,5,4,2,13,1752,382,64,75,85.3,30,39,76.9,12,22,54.5,13,10,1,1,0,1,0,3,3,0,0,0,0,0,113,628,278,6,2,3,12,5,126,15,8,4,50,2,25,11,8,3,7,1,5,8,62.5,3,4,1,3,2,13,1,0,2,12,14.3,"MF,FW"
744,Federico Barba,"2,945",3,26,81.2,60.2,50,973,39,32,2022-2023,28,it ITA,2 Teams,it Serie B,33,"2,945",32.7,33,0,2,1,0,1,1,0,0,0,1285,1583,81.2,5,84,12,2,91,26898,9194,383,437,87.6,699,766,91.3,188,338,55.6,26,22,0,0,2,2,0,3,1,0,0,2,0,0,973,5830,3732,41,15,2,9,3,1034,10,4,2,50,1,25,32,18,24,7,1,18,28,64.3,10,23,18,5,39,71,147,0,77,51,60.2,DF
745,Christian Kouan,"1,725",4,47,65.6,34.8,42.1,368,13,53,2022-2023,23,ci CIV,Perugia,it Serie B,31,"1,725",19.2,20,11,6,2,1,3,2,0,0,0,320,488,65.6,16,25,12,1,54,5462,1680,162,207,78.3,113,154,73.4,33,85,38.8,47,34,0,3,5,2,3,4,3,0,0,1,0,0,368,1842,819,26,14,15,52,20,401,88,38,16,42.1,19,50,53,28,25,16,12,19,46,41.3,27,34,2,32,13,66,11,0,31,58,34.8,"MF,FW"
746,Massimo Zilli,"1,032",3,24,59.7,51.3,44.4,174,3,19,2022-2023,20,it ITA,Cosenza,it Serie B,29,"1,032",11.5,9,20,8,0,2,2,0,0,0,0,120,201,59.7,9,15,3,0,20,1524,409,78,112,69.6,28,48,58.3,4,6,66.7,24,15,1,4,2,2,0,3,3,0,0,0,0,0,174,927,295,11,7,7,41,35,251,57,18,8,44.4,9,50,19,12,8,7,4,8,12,66.7,4,18,2,16,3,22,9,0,58,55,51.3,"FW,MF"
747,Nunzio Lella,737,1,10,75.1,52.4,60,166,14,15,2022-2023,22,it ITA,Cagliari,it Serie B,18,737,8.2,8,10,16,1,0,1,1,0,0,0,172,229,75.1,2,15,3,1,19,2750,656,93,113,82.3,59,73,80.8,14,24,58.3,10,8,0,0,0,1,1,1,1,0,0,0,0,0,166,785,288,9,8,3,25,7,203,33,5,3,60,2,40,15,9,3,10,2,4,14,28.6,10,19,0,19,14,29,15,0,11,10,52.4,MF
748,Luca Vignali,"2,575",8,70,69.3,52.9,37.5,768,47,57,2022-2023,26,it ITA,Como,it Serie B,33,"2,575",28.6,30,3,2,2,1,3,2,0,0,0,1014,1464,69.3,33,98,38,15,118,17806,8485,478,554,86.3,401,550,72.9,107,255,42,70,47,9,5,2,5,2,8,4,2,1,0,1,0,768,4033,1862,44,34,4,40,16,922,129,40,15,37.5,17,42.5,57,39,34,21,2,29,57,50.9,28,28,11,17,47,104,97,0,45,40,52.9,DF
749,George Pușcaș,"1,082",4,33,65.7,57.9,33.3,231,1,2,2022-2023,26,ro ROU,Genoa,it Serie B,25,"1,082",12,10,15,9,4,1,5,4,0,0,0,155,236,65.7,14,14,5,3,13,2071,442,94,132,71.2,43,64,67.2,6,11,54.5,33,23,1,4,3,2,0,4,3,0,0,1,0,0,231,1209,494,18,15,7,50,21,320,100,27,9,33.3,16,59.3,2,1,0,2,0,0,1,0,1,4,2,2,1,3,7,0,44,32,57.9,FW
750,Andrea La Mantia,"2,268",4,42,57.3,61.8,23.1,309,8,13,2022-2023,31,it ITA,SPAL,it Serie B,34,"2,268",25.2,24,10,2,5,2,7,5,0,0,0,259,452,57.3,15,12,13,2,33,3507,821,161,246,65.4,81,148,54.7,9,20,45,42,29,0,2,3,8,0,4,3,0,1,0,0,0,309,1068,264,8,6,5,33,18,542,113,13,3,23.1,9,69.2,13,7,3,7,3,4,5,80,1,10,3,7,8,21,22,0,128,79,61.8,FW
751,Michael Folorunsho,"1,995",9,55,69.8,56.6,36.9,641,17,41,2022-2023,24,it ITA,Bari,it Serie B,27,"1,995",22.2,25,2,0,8,1,9,8,0,0,0,503,721,69.8,20,58,17,2,79,9076,2225,219,299,73.2,215,271,79.3,57,96,59.4,55,39,0,5,3,5,3,9,4,0,1,1,2,1,641,3955,1892,53,35,7,64,27,770,115,65,24,36.9,33,50.8,41,26,19,15,7,18,34,52.9,16,28,3,25,17,58,35,1,56,43,56.6,"MF,FW"
752,John Björkengren,"1,258",4,26,79.2,45.7,46.7,258,10,14,2022-2023,23,se SWE,Brescia,it Serie B,17,"1,258",14,17,0,1,0,2,2,0,0,0,0,377,476,79.2,14,28,10,4,37,6056,1012,186,223,83.4,150,174,86.2,26,44,59.1,26,23,2,0,0,1,0,4,3,1,0,0,0,0,258,1147,425,6,13,1,19,3,370,55,15,7,46.7,8,53.3,14,9,5,6,3,7,15,46.7,8,20,8,12,10,24,22,0,21,25,45.7,MF
753,Alejandro Blanco,"1,161",3,29,70.7,21.4,43.9,314,6,22,2022-2023,23,es ESP,Como,it Serie B,29,"1,161",12.9,14,15,8,2,3,5,2,0,0,0,224,317,70.7,13,17,8,3,20,3430,642,123,155,79.4,83,104,79.8,13,31,41.9,29,20,0,5,2,2,0,3,3,0,0,0,0,0,314,2367,1006,37,21,8,43,26,335,85,57,25,43.9,30,52.6,22,10,11,9,2,9,23,39.1,14,8,3,5,6,28,5,0,6,22,21.4,MF
754,Gabriele Moncini,"2,335",6,43,66.7,49.5,50,346,5,4,2022-2023,26,it ITA,SPAL,it Serie B,32,"2,335",25.9,29,3,1,9,6,15,6,3,3,0,290,435,66.7,20,14,12,7,18,4386,658,175,238,73.5,79,116,68.1,24,42,57.1,43,32,0,2,6,3,0,6,4,0,0,1,1,0,346,1553,479,18,11,12,57,23,516,171,26,13,50,11,42.3,4,2,1,2,1,0,10,0,10,14,5,9,5,9,15,0,91,93,49.5,FW
755,Mikael Ellertsson,"1,047",3,28,79.8,54.5,63.6,194,7,20,2022-2023,20,is ISL,Venezia,it Serie B,16,"1,047",11.6,14,2,1,2,1,3,2,0,0,0,205,257,79.8,10,25,5,2,39,3363,714,99,112,88.4,88,100,88,15,26,57.7,28,19,2,4,2,0,1,3,2,1,0,0,0,0,194,1288,662,21,14,4,17,11,236,38,22,14,63.6,7,31.8,20,12,3,14,3,8,22,36.4,14,22,5,17,7,27,11,0,6,5,54.5,MF
756,Valerio Mastrantonio,"1,055",2,30,67.2,41.7,21.4,240,23,39,2022-2023,23,it ITA,Cittadella,it Serie B,25,"1,055",11.7,14,11,7,1,1,2,1,0,0,0,283,421,67.2,12,30,9,4,40,4710,1652,148,186,79.6,89,129,69,33,70,47.1,30,18,8,2,1,1,0,2,0,1,0,0,1,0,240,1205,521,12,12,0,23,4,262,30,14,3,21.4,9,64.3,39,19,15,18,6,20,28,71.4,8,28,8,20,23,62,14,2,10,14,41.7,MF
757,Manolo Portanova,594,3,19,63,41.4,52.9,140,6,18,2022-2023,22,it ITA,Genoa,it Serie B,12,594,6.6,7,5,3,1,1,2,1,0,0,0,102,162,63,6,8,6,4,18,1418,461,59,83,71.1,29,46,63,5,12,41.7,19,10,0,4,3,2,0,3,1,0,1,0,1,0,140,818,444,14,11,8,19,9,166,37,34,18,52.9,11,32.4,18,10,7,8,3,6,10,60,4,17,1,16,6,24,5,0,12,17,41.4,"MF,FW"
758,Ridgeciano Haps,"1,607",1,33,74.6,66.7,30.3,529,29,25,2022-2023,29,sr SUR,2 Teams,it Serie B,24,"1,607",17.9,18,6,1,1,1,2,1,0,0,0,632,847,74.6,13,43,19,9,69,11296,3001,273,319,85.6,283,355,79.7,60,119,50.4,33,23,2,2,4,2,0,1,1,0,0,0,0,0,529,3219,1714,48,23,13,28,5,641,134,33,10,30.3,15,45.5,25,18,7,14,4,13,19,68.4,6,15,2,13,29,54,23,0,20,10,66.7,DF
759,Mamadou Coulibaly,"1,579",1,31,76.8,46.4,50,424,24,37,2022-2023,23,sn SEN,Ternana,it Serie B,28,"1,579",17.5,20,8,2,3,1,4,3,0,0,0,490,638,76.8,10,60,5,0,67,7580,2174,269,327,82.3,179,226,79.2,28,43,65.1,31,24,0,1,3,2,1,1,1,0,0,0,0,0,424,2072,864,18,14,2,48,19,546,67,36,18,50,11,30.6,37,22,9,26,2,20,36,55.6,16,18,3,15,24,61,20,0,32,37,46.4,"MF,FW"
760,Gabriele Zappa,"2,347",3,69,77.7,37,27.8,995,33,51,2022-2023,22,it ITA,Cagliari,it Serie B,29,"2,347",26.1,27,2,7,3,1,4,3,0,0,0,1264,1626,77.7,22,127,31,18,149,20789,9246,616,687,89.7,512,624,82.1,101,211,47.9,69,56,7,2,0,2,2,3,1,1,0,0,0,1,995,5473,3090,75,44,1,38,8,1131,112,36,10,27.8,21,58.3,51,37,23,24,4,31,57,54.4,26,23,8,15,33,84,57,0,20,34,37,DF
761,Marco Varnier,855,0,10,86.9,75,66.7,378,11,21,2022-2023,24,it ITA,SPAL,it Serie B,15,855,9.5,11,4,4,1,0,1,1,0,0,0,492,566,86.9,2,23,0,0,33,10520,3736,126,136,92.6,272,301,90.4,86,118,72.9,10,7,0,0,1,2,0,0,0,0,0,0,0,0,378,2289,1562,8,4,1,8,2,429,3,3,2,66.7,1,33.3,21,15,15,5,1,12,14,85.7,2,12,5,7,11,32,40,2,30,10,75,DF
762,Mario Sampirisi,"2,206",1,39,77.6,70.6,50,797,22,25,2022-2023,29,it ITA,Frosinone,it Serie B,28,"2,206",24.5,25,3,5,0,0,0,0,0,0,0,1072,1381,77.6,15,91,23,5,100,18769,8051,475,530,89.6,472,557,84.7,105,234,44.9,39,35,3,0,0,1,0,1,1,0,0,0,0,0,797,3527,1873,22,21,1,13,2,919,46,8,4,50,2,25,25,16,17,7,1,16,26,61.5,10,13,5,8,22,47,46,2,24,10,70.6,DF
763,Simone Branca,"2,675",4,92,76.2,47.3,72.4,894,44,108,2022-2023,30,it ITA,Cittadella,it Serie B,32,"2,675",29.7,32,0,0,0,3,3,0,0,0,0,1149,1508,76.2,34,130,27,9,188,19988,5365,538,622,86.5,451,564,80,126,244,51.6,92,75,10,1,2,2,2,4,3,1,0,0,0,0,894,4032,1879,37,30,2,57,42,1046,80,29,21,72.4,5,17.2,108,60,46,49,13,40,79,50.6,39,62,6,56,44,152,33,0,35,39,47.3,MF
764,Claud Adjapong,"1,382",2,20,67.7,45.8,31.3,296,20,35,2022-2023,24,it ITA,Ascoli,it Serie B,24,"1,382",15.4,14,10,6,1,0,1,1,0,0,0,377,557,67.7,7,30,10,6,37,6775,2662,155,199,77.9,176,249,70.7,40,77,51.9,20,10,5,1,2,2,0,2,1,0,0,0,1,0,296,1928,924,30,12,4,28,10,306,40,32,10,31.3,17,53.1,35,20,25,10,0,22,35,62.9,13,18,9,9,20,55,28,0,11,13,45.8,DF
765,Nahuel Estévez,"2,619",5,60,78.4,53.6,50,790,34,28,2022-2023,26,ar ARG,Parma,it Serie B,36,"2,619",29.1,30,6,0,1,2,3,1,0,0,0,1209,1543,78.4,26,135,14,4,144,21483,7048,552,612,90.2,500,616,81.2,133,254,52.4,60,36,19,1,2,2,0,5,0,5,0,0,0,0,790,2933,1121,11,16,2,16,6,1051,41,10,5,50,4,40,28,9,8,15,5,17,43,39.5,26,30,8,22,34,62,53,0,52,45,53.6,MF
766,Artur Ioniță,"1,320",1,24,74.8,46.8,31.6,238,6,28,2022-2023,31,md MDA,2 Teams,it Serie B,26,"1,320",14.7,16,10,6,1,1,2,1,0,0,0,279,373,74.8,12,29,2,0,37,4244,1084,144,177,81.4,108,137,78.8,18,36,50,24,18,0,3,3,0,0,1,1,0,0,0,0,0,238,1345,575,11,9,1,10,9,285,38,19,6,31.6,13,68.4,28,15,7,19,2,10,22,45.5,12,23,8,15,6,34,7,0,29,33,46.8,MF
767,Santiago Visentin,"1,170",1,7,72.6,54.7,100,309,14,16,2022-2023,23,ar ARG,Cittadella,it Serie B,13,"1,170",13,13,0,8,0,0,0,0,0,0,0,431,594,72.6,4,21,1,0,30,9105,3568,117,151,77.5,250,304,82.2,61,122,50,7,5,0,0,2,0,0,1,0,0,0,1,0,0,309,1548,895,7,4,1,4,1,329,1,1,1,100,0,0,16,10,12,4,0,2,6,33.3,4,15,10,5,14,30,52,1,52,43,54.7,DF
768,Giacomo Ricci,"1,479",3,35,74.9,45,43.9,643,13,47,2022-2023,25,it ITA,Bari,it Serie B,20,"1,479",16.4,17,3,11,1,2,3,1,0,0,0,777,1038,74.9,21,86,13,6,108,14112,6054,322,376,85.6,362,441,82.1,81,158,51.3,35,25,4,3,0,1,2,3,3,0,0,0,0,0,643,3123,1746,38,26,11,23,9,776,72,41,18,43.9,19,46.3,47,24,28,14,5,23,50,46,27,19,6,13,13,60,41,0,9,11,45,DF
769,Giannis Fetfatzidis,613,2,28,79,0,45.5,189,4,8,2022-2023,31,gr GRE,SPAL,it Serie B,13,613,6.8,7,6,3,1,1,2,1,0,0,0,173,219,79,13,15,4,2,19,2763,570,85,99,85.9,61,67,91,18,34,52.9,28,17,4,3,1,3,0,2,1,1,0,0,0,0,189,1526,764,34,11,15,24,11,211,50,44,20,45.5,20,45.5,8,4,5,1,2,4,12,33.3,8,3,0,3,4,12,1,0,0,4,0,"MF,FW"
770,Enrico Brignola,"1,129",0,25,71.6,45.5,36.7,319,3,10,2022-2023,23,it ITA,Cosenza,it Serie B,20,"1,129",12.5,13,7,1,2,0,2,2,0,0,0,302,422,71.6,16,19,6,0,35,5071,1100,142,168,84.5,122,158,77.2,28,62,45.2,25,17,4,0,2,2,0,0,0,0,0,0,0,0,319,2203,867,30,15,4,25,20,378,54,30,11,36.7,17,56.7,10,6,4,3,3,5,15,33.3,10,13,2,11,3,13,11,0,5,6,45.5,"FW,MF"
771,Ilias Koutsoupias,712,1,15,79.5,50,66.7,226,6,15,2022-2023,21,gr GRE,Benevento,it Serie B,19,712,7.9,4,15,15,1,0,1,1,0,0,0,232,292,79.5,6,29,3,2,26,3675,733,120,139,86.3,81,100,81,19,28,67.9,15,9,1,1,3,1,0,1,0,0,0,1,0,0,226,1398,630,20,15,2,20,11,255,33,12,8,66.7,1,8.3,15,6,8,6,1,6,10,60,4,5,0,5,6,21,10,0,11,11,50,"MF,FW"
772,Mirko Eramo,"1,063",2,18,79.2,77.8,40,211,18,25,2022-2023,33,it ITA,Ascoli,it Serie B,26,"1,063",11.8,11,15,12,0,0,0,0,0,0,0,369,466,79.2,9,40,6,0,53,6778,1993,159,198,80.3,167,191,87.4,38,63,60.3,18,13,3,1,0,1,0,2,1,0,0,0,1,0,211,934,360,6,10,0,10,7,273,9,5,2,40,2,40,25,13,9,13,3,13,24,54.2,11,16,3,13,18,43,23,1,21,6,77.8,MF
773,Aldo Florenzi,"1,581",0,48,75.3,18.5,30.1,463,27,26,2022-2023,20,it ITA,Cosenza,it Serie B,21,"1,581",17.6,19,2,3,3,0,3,3,0,0,0,417,554,75.3,21,40,7,1,61,7080,1843,204,240,85,161,202,79.7,44,75,58.7,48,31,4,3,1,5,4,0,0,0,0,0,0,0,463,2966,1416,33,38,7,55,23,480,63,73,22,30.1,36,49.3,26,15,10,12,4,13,39,33.3,26,33,1,32,27,53,19,1,5,22,18.5,"MF,FW"
774,Mattia Maita,"2,606",7,72,83.6,37.5,58.1,953,21,90,2022-2023,29,it ITA,Bari,it Serie B,32,"2,606",29,32,0,0,1,2,3,1,0,0,0,1138,1362,83.6,25,175,23,1,193,21129,6729,472,532,88.7,521,579,90,132,190,69.5,72,61,1,3,2,2,3,7,6,0,0,0,1,0,953,6005,3083,46,41,2,37,26,1045,47,62,36,58.1,16,25.8,90,55,40,44,6,41,79,51.9,38,45,5,40,21,111,35,2,12,20,37.5,MF
775,Giacomo Calò,"1,198",1,38,67.5,53.8,25,397,21,17,2022-2023,25,it ITA,Cosenza,it Serie B,24,"1,198",13.3,12,12,7,0,0,0,0,0,0,0,491,727,67.5,20,48,13,5,57,10342,3542,168,194,86.6,212,271,78.2,103,237,43.5,38,14,21,0,1,2,0,1,1,0,0,0,0,0,397,1721,741,8,12,3,12,5,471,7,8,2,25,2,25,17,8,10,7,0,9,26,34.6,17,13,4,9,21,38,19,1,14,12,53.8,MF
776,Francesco Lisi,"1,533",9,76,61.3,42.3,26.5,442,16,23,2022-2023,32,it ITA,Perugia,it Serie B,26,"1,533",17,20,6,5,3,5,8,2,1,1,0,444,724,61.3,40,38,15,4,56,7709,3501,212,252,84.1,158,246,64.2,55,164,33.5,76,37,24,2,5,7,1,9,2,4,1,0,2,0,442,3007,1471,60,30,13,31,12,499,120,49,13,26.5,29,59.2,23,14,9,10,4,12,27,44.4,15,17,1,16,16,39,13,0,11,15,42.3,DF
777,Leonardo Pavoletti,989,3,18,64.5,73.7,40,179,1,3,2022-2023,33,it ITA,Cagliari,it Serie B,23,989,11,10,13,2,6,0,6,6,0,1,1,196,304,64.5,7,14,4,0,25,2660,491,117,174,67.2,52,74,70.3,12,18,66.7,18,16,0,1,1,0,0,3,2,0,0,1,0,0,179,592,189,5,5,4,22,6,324,56,5,2,40,2,40,3,1,0,1,2,1,5,20,4,3,1,2,1,4,10,0,84,30,73.7,FW
778,Nicholas Bonfanti,"1,148",1,21,62.1,36,50,196,1,6,2022-2023,20,it ITA,Modena,it Serie B,30,"1,148",12.8,9,21,4,7,0,7,7,0,0,0,126,203,62.1,8,7,1,0,10,1707,226,77,110,70,35,48,72.9,5,10,50,21,13,0,3,4,1,0,1,0,0,0,1,0,0,196,1171,452,21,11,13,46,22,279,72,28,14,50,14,50,6,2,0,1,5,4,5,80,1,5,1,4,1,7,9,0,32,57,36,"FW,MF"
779,Antonio Candela,"2,037",8,44,75.5,41.3,39.3,722,8,30,2022-2023,22,it ITA,Venezia,it Serie B,29,"2,037",22.6,25,4,7,2,3,5,2,0,0,0,798,1057,75.5,16,43,14,8,60,13153,4119,402,472,85.2,332,425,78.1,49,102,48,44,37,1,2,4,0,0,8,7,0,0,1,0,0,722,4771,2581,64,40,6,45,14,808,169,28,11,39.3,17,60.7,30,18,17,7,6,8,23,34.8,15,28,3,25,8,38,39,0,19,27,41.3,DF
780,Freddie Veseli,"1,553",4,20,80.5,41.8,37.5,528,17,29,2022-2023,29,al ALB,Benevento,it Serie B,21,"1,553",17.3,18,3,2,0,2,2,0,0,0,0,669,831,80.5,6,66,8,4,93,12626,5527,245,265,92.5,345,399,86.5,71,144,49.3,20,18,0,0,2,0,0,4,2,0,0,2,0,0,528,2599,1548,21,11,1,9,2,570,13,8,3,37.5,3,37.5,29,20,19,7,3,18,24,75,6,19,10,9,17,46,35,2,23,32,41.8,DF
781,Christian D'Urso,"1,754",12,74,76.8,21.1,40.5,583,10,29,2022-2023,25,it ITA,Cosenza,it Serie B,36,"1,754",19.5,19,17,2,4,5,9,4,0,0,0,589,767,76.8,26,54,20,7,86,9490,2566,318,360,88.3,187,244,76.6,60,106,56.6,74,50,10,7,1,4,2,12,6,2,1,0,2,1,583,3989,1615,54,39,14,43,35,647,122,74,30,40.5,26,35.1,29,19,12,12,5,9,33,27.3,24,14,1,13,10,39,12,0,4,15,21.1,"MF,FW"
782,Gianluca Frabotta,"1,182",5,39,69.5,54.1,42.1,378,26,27,2022-2023,23,it ITA,Frosinone,it Serie B,22,"1,182",13.1,11,11,8,0,3,3,0,0,0,0,519,747,69.5,21,30,24,12,42,9018,3541,267,313,85.3,172,237,72.6,67,138,48.6,39,28,8,1,2,0,0,5,3,1,0,1,0,0,378,1911,884,22,20,3,16,3,475,79,19,8,42.1,10,52.6,27,12,12,14,1,11,26,42.3,15,12,2,10,26,53,40,0,20,17,54.1,DF
783,Matteo Prati,"1,476",3,40,78.3,58.3,61.1,515,18,33,2022-2023,18,it ITA,SPAL,it Serie B,20,"1,476",16.4,17,3,15,2,1,3,2,0,0,0,641,819,78.3,11,57,10,2,66,11562,2970,265,303,87.5,295,353,83.6,68,121,56.2,40,32,5,0,0,2,1,3,3,0,0,0,0,0,515,2000,956,11,10,1,19,14,643,23,18,11,61.1,5,27.8,33,18,15,12,6,15,39,38.5,24,27,11,16,18,51,22,1,14,10,58.3,MF
784,Petko Hristov,935,1,11,80.6,61.1,16.7,280,8,15,2022-2023,23,bg BUL,Venezia,it Serie B,11,935,10.4,11,0,2,0,0,0,0,0,0,0,406,504,80.6,2,27,1,1,41,8101,3524,124,136,91.2,236,269,87.7,43,91,47.3,11,9,0,0,1,1,0,1,1,0,0,0,0,0,280,1383,910,11,3,1,6,0,355,6,6,1,16.7,3,50,15,8,11,2,2,6,7,85.7,1,15,7,8,8,23,39,0,22,14,61.1,DF
785,Riccardo Ciervo,524,4,22,71.6,0,44.4,175,1,4,2022-2023,20,it ITA,2 Teams,it Serie B,19,524,5.8,2,17,15,0,3,3,0,0,0,0,156,218,71.6,14,14,14,8,17,2765,823,76,92,82.6,63,81,77.8,16,30,53.3,22,17,1,1,3,0,0,4,3,0,0,1,0,0,175,1490,629,23,18,4,14,9,200,66,27,12,44.4,14,51.9,4,2,1,3,0,3,8,37.5,5,4,0,4,1,5,4,0,0,7,0,"DF,FW"
786,Luca Mazzitelli,"1,943",9,72,73.9,57.3,46.7,809,29,40,2022-2023,26,it ITA,Frosinone,it Serie B,25,"1,943",21.6,24,1,3,3,5,8,3,0,0,0,1004,1359,73.9,29,174,26,6,208,19214,7048,427,521,82,412,522,78.9,146,262,55.7,72,64,2,1,3,2,0,9,8,0,0,1,0,0,809,3497,1644,35,25,2,27,16,1064,58,30,14,46.7,11,36.7,40,28,16,21,3,12,32,37.5,20,28,5,23,29,69,43,1,55,41,57.3,MF
787,Francesco Vicari,"2,802",3,11,88.1,66.1,0,1042,23,23,2022-2023,27,it ITA,Bari,it Serie B,33,"2,802",31.1,31,2,0,0,0,0,0,0,0,0,1433,1627,88.1,0,40,0,0,47,34523,13044,231,263,87.8,876,934,93.8,321,408,78.7,11,11,0,0,0,0,0,3,3,0,0,0,0,0,1042,3320,1367,0,1,0,2,0,1307,0,3,0,0,3,100,23,13,18,5,0,13,23,56.5,10,40,26,14,23,46,139,0,82,42,66.1,DF
788,Aleš Matějů,"2,889",7,57,83.8,65.1,46.2,1143,40,57,2022-2023,26,cz CZE,Palermo,it Serie B,33,"2,889",32.1,33,0,1,0,2,2,0,0,0,0,1649,1967,83.8,16,154,15,6,192,27943,11848,748,818,91.4,774,889,87.1,108,203,53.2,57,51,4,0,0,0,2,7,5,1,0,0,0,1,1143,6683,3822,78,42,2,29,5,1306,41,26,12,46.2,11,42.3,57,34,36,17,4,35,53,66,18,41,19,22,40,97,93,2,54,29,65.1,DF
789,Domenico Frare,"2,303",1,6,78.3,52.5,60,518,42,35,2022-2023,26,it ITA,Cittadella,it Serie B,28,"2,303",25.6,26,2,5,0,0,0,0,0,0,0,759,969,78.3,3,34,2,0,44,15776,5585,193,250,77.2,472,541,87.2,91,161,56.5,6,4,0,0,1,1,0,1,0,0,0,0,1,0,518,2654,1614,7,2,0,11,3,585,2,5,3,60,0,0,35,21,24,10,1,17,22,77.3,5,23,11,12,42,77,78,0,64,58,52.5,DF
790,Emile Dorval,"1,202",2,15,76.5,46.4,28.6,424,23,19,2022-2023,21,fr FRA,Bari,it Serie B,17,"1,202",13.4,12,5,21,0,1,1,0,0,0,0,531,694,76.5,8,28,9,8,49,9251,4050,223,260,85.8,245,315,77.8,49,90,54.4,15,13,0,1,1,0,0,2,2,0,0,0,0,0,424,2018,1099,28,16,3,19,5,464,41,21,6,28.6,9,42.9,19,9,15,3,1,9,14,64.3,5,16,5,11,23,42,39,0,13,15,46.4,DF
791,Jaime Báez,667,4,26,70.6,33.3,61.9,251,4,5,2022-2023,27,uy URU,Frosinone,it Serie B,17,667,7.4,5,12,2,1,2,3,1,0,0,0,230,326,70.6,13,16,15,7,26,3992,1324,116,141,82.3,71,102,69.6,34,62,54.8,26,16,4,3,2,1,0,4,3,0,0,1,0,0,251,1471,853,25,16,4,17,13,280,90,21,13,61.9,8,38.1,5,2,2,2,1,0,5,0,5,5,0,5,4,9,6,0,3,6,33.3,"FW,MF"
792,Marco Brescianini,"2,510",5,65,75.8,46.8,59.2,631,23,50,2022-2023,22,it ITA,Cosenza,it Serie B,37,"2,510",27.9,31,6,0,3,1,4,3,0,0,0,737,972,75.8,31,51,16,3,67,12344,3256,350,416,84.1,287,358,80.2,73,138,52.9,65,42,9,4,6,3,1,5,3,0,0,1,1,0,631,3702,1845,64,36,13,37,31,763,75,49,29,59.2,16,32.7,50,30,20,22,8,19,39,48.7,20,15,6,9,23,73,36,0,29,33,46.8,MF
793,Andrea Masiello,"2,765",1,19,83.4,52,80,662,44,36,2022-2023,36,it ITA,Südtirol,it Serie B,31,"2,765",30.7,31,0,0,0,1,1,0,0,0,0,881,1056,83.4,6,49,3,2,71,19653,7718,246,270,91.1,454,497,91.3,174,266,65.4,19,14,1,0,2,1,1,1,1,0,0,0,0,0,662,3077,1786,11,4,1,4,2,723,2,5,4,80,1,20,36,22,27,9,0,14,20,70,6,41,28,13,44,80,147,1,26,24,52,DF
794,Alessandro Di Pardo,986,1,25,76.6,60,62.5,389,12,18,2022-2023,23,it ITA,Cagliari,it Serie B,16,986,11,12,4,13,0,0,0,0,0,0,0,546,713,76.6,9,55,14,8,77,8954,3637,281,313,89.8,219,280,78.2,38,87,43.7,25,21,3,0,1,0,0,1,1,0,0,0,0,0,389,2427,1373,30,23,2,9,2,472,38,16,10,62.5,4,25,18,13,9,8,1,9,15,60,6,16,6,10,12,30,30,0,12,8,60,DF
795,Cas Odenthal,"2,683",2,31,79.6,54.5,100,822,34,48,2022-2023,21,nl NED,Como,it Serie B,30,"2,683",29.8,30,0,6,0,1,1,0,0,0,0,1047,1316,79.6,12,91,11,2,108,21140,8578,314,363,86.5,574,651,88.2,140,263,53.2,31,29,1,0,1,0,0,2,2,0,0,0,0,0,822,4487,2644,28,15,1,18,4,945,9,2,2,100,0,0,48,34,39,9,0,32,46,69.6,14,28,18,10,34,82,124,0,61,51,54.5,DF
796,Shady Oukhadda,"2,318",5,63,72.1,45.9,51.8,859,19,44,2022-2023,23,ma MAR,Modena,it Serie B,29,"2,318",25.8,25,4,8,0,2,2,0,0,0,0,1078,1495,72.1,23,102,41,25,127,18851,8561,535,614,87.1,395,523,75.5,128,276,46.4,63,48,4,2,5,2,2,5,2,0,0,0,2,1,859,4931,2498,65,50,10,27,14,961,102,56,29,51.8,16,28.6,44,24,34,7,3,20,30,66.7,10,21,10,11,19,63,61,1,17,20,45.9,DF
797,Filippo Falco,736,2,58,78.2,16.7,40,372,0,6,2022-2023,30,it ITA,Cagliari,it Serie B,14,736,8.2,9,5,10,0,0,0,0,0,0,0,366,468,78.2,29,24,25,9,62,6530,1754,160,174,92,136,167,81.4,55,97,56.7,58,37,16,0,2,3,0,2,2,0,0,0,0,0,372,2399,985,30,33,5,25,20,430,100,20,8,40,5,25,6,3,1,4,1,2,4,50,2,1,0,1,0,6,0,0,1,5,16.7,"MF,FW"
798,Fran Karačić,"1,783",3,36,64.2,58.3,45.5,628,33,27,2022-2023,26,au AUS,Brescia,it Serie B,22,"1,783",19.8,21,1,6,0,3,3,0,0,0,0,747,1164,64.2,22,78,27,22,93,15387,6429,266,329,80.9,338,467,72.4,132,315,41.9,36,32,3,1,0,0,0,3,3,0,0,0,0,0,628,3159,1674,38,30,1,24,13,744,94,44,20,45.5,21,47.7,27,17,13,12,2,15,33,45.5,18,12,7,5,33,60,42,0,28,20,58.3,DF
799,Giacomo Olzer,510,2,17,48.9,46.2,43.8,125,7,16,2022-2023,21,it ITA,Brescia,it Serie B,14,510,5.7,4,10,7,3,0,3,3,0,0,0,93,190,48.9,10,6,5,2,11,1450,508,50,81,61.7,34,60,56.7,7,30,23.3,17,11,2,3,0,1,0,2,0,0,2,0,0,0,125,562,239,6,8,3,19,8,155,41,16,7,43.8,7,43.8,16,13,6,9,1,5,8,62.5,3,3,2,1,7,23,9,1,24,28,46.2,"MF,FW"
800,Davide Adorni,"2,547",1,15,82.9,63.6,33.3,815,41,58,2022-2023,29,it ITA,Brescia,it Serie B,32,"2,547",28.3,28,4,4,0,0,0,0,0,0,0,1182,1426,82.9,5,77,5,0,87,26350,10437,252,300,84,727,799,91,192,294,65.3,15,12,1,0,1,0,1,1,1,0,0,0,0,0,815,3736,2109,13,3,0,5,2,1026,0,3,1,33.3,1,33.3,58,41,40,17,1,28,38,73.7,10,25,16,9,41,99,106,0,70,40,63.6,DF
